lon,lat,p_iid,p_bym,p_bym_cov
99.2559,26.658,1.0,1.0,1.0
102.2906,27.9682,1.0,1.0,1.0
100.7639,28.0043,1.0,1.0,1.0
99.2361,28.0043,0.3910179640718563,0.12065868263473054,0.17125748502994012
102.3533,29.332,1.0,1.0,1.0
100.7848,29.3696,1.0,1.0,1.0
99.2152,29.3696,1.0,1.0,1.0
97.6467,29.332,1.0,1.0,1.0
96.0818,29.2568,0.9482035928143713,0.3083832335329341,0.3020958083832335
94.5226,29.1444,0.11047904191616767,0.14550898203592813,0.13892215568862276
92.9716,28.9951,0.834131736526946,0.06227544910179641,0.06077844311377246
91.4309,28.8094,0.5494011976047904,0.3203592814371258,0.29790419161676646
104.0283,30.6363,1.0,1.0,1.0
97.5805,30.7146,1.0,1.0,1.0
95.9717,30.6363,0.9889221556886227,0.19191616766467065,0.24880239520958083
91.1932,30.1701,1.0,1.0,1.0
89.6242,29.9394,1.0,1.0,1.0
88.0707,29.6723,1.0,1.0,1.0
86.5348,29.3696,1.0,1.0,1.0
83.5231,28.6616,0.0,0.07874251497005988,0.07784431137724551
112.2648,31.0298,1.0,1.0,1.0
110.6698,31.308,1.0,1.0,1.0
109.0579,31.5483,1.0,1.0,1.0
107.4314,31.7499,1.0,1.0,1.0
104.1446,32.0343,1.0,1.0,1.0
100.8303,32.1569,1.0,1.0,1.0
95.8554,32.0343,0.8473053892215568,0.22604790419161677,0.21077844311377245
92.5686,31.7499,1.0,1.0,1.0
90.9421,31.5483,1.0,1.0,1.0
89.3302,31.308,1.0,1.0,1.0
87.7352,31.0298,1.0,1.0,1.0
86.1593,30.7146,1.0,1.0,1.0
84.6045,30.3635,1.0,1.0,1.0
83.0725,29.9778,0.2967065868263473,0.12754491017964073,0.1251497005988024
81.5651,29.5585,0.054790419161676644,0.10868263473053892,0.11137724550898204
118.9465,30.8718,1.0,1.0,1.0
117.4027,31.308,1.0,1.0,1.0
115.8324,31.7095,1.0,1.0,1.0
114.2373,32.0751,1.0,1.0,1.0
112.6193,32.4034,1.0,1.0,1.0
110.9807,32.6934,1.0,1.0,1.0
109.3236,32.944,1.0,1.0,1.0
107.6507,33.1542,1.0,1.0,1.0
105.9645,33.3234,1.0,1.0,1.0
104.2679,33.4508,1.0,1.0,1.0
102.5638,33.536,1.0,1.0,1.0
100.8551,33.5787,1.0,1.0,1.0
97.4362,33.536,1.0,1.0,1.0
94.0355,33.3234,1.0,1.0,1.0
92.3493,33.1542,1.0,1.0,1.0
90.6764,32.944,1.0,1.0,1.0
89.0193,32.6934,1.0,1.0,1.0
87.3807,32.4034,1.0,1.0,1.0
85.7627,32.0751,1.0,1.0,1.0
84.1676,31.7095,1.0,1.0,1.0
82.5973,31.308,1.0,1.0,1.0
117.9044,32.6518,1.0,1.0,1.0
116.294,33.07,1.0,1.0,1.0
114.6568,33.4508,1.0,1.0,1.0
112.9946,33.7931,1.0,1.0,1.0
111.3099,34.0954,1.0,1.0,1.0
109.6052,34.3568,1.0,1.0,1.0
107.8831,34.5762,1.0,1.0,1.0
102.6425,34.9748,1.0,1.0,1.0
100.8814,35.0194,1.0,1.0,1.0
97.3575,34.9748,1.0,1.0,1.0
95.6013,34.8858,1.0,1.0,1.0
93.8534,34.7528,1.0,1.0,1.0
92.1169,34.5762,1.0,1.0,1.0
88.6901,34.0954,1.0,1.0,1.0
87.0054,33.7931,1.0,1.0,1.0
85.3432,33.4508,1.0,1.0,1.0
83.706,33.07,1.0,1.0,1.0
82.0956,32.6518,1.0,1.0,1.0
80.5139,32.1978,0.6589820359281438,0.5020958083832335,0.5209580838323353
118.4349,34.0087,1.0,1.0,1.0
116.7826,34.4444,1.0,1.0,1.0
115.1011,34.8414,1.0,1.0,1.0
113.3925,35.1983,1.0,1.0,1.0
111.6593,35.5138,1.0,1.0,1.0
109.9042,35.7866,1.0,1.0,1.0
102.7263,36.432,1.0,1.0,1.0
100.9094,36.4786,1.0,1.0,1.0
99.0906,36.4786,1.0,1.0,1.0
97.2737,36.432,1.0,1.0,1.0
93.6598,36.2001,1.0,1.0,1.0
91.8699,36.0157,1.0,1.0,1.0
88.3407,35.5138,0.905688622754491,0.7032934131736527,0.6937125748502994
86.6075,35.1983,0.8035928143712575,0.4308383233532934,0.4365269461077844
84.8989,34.8414,1.0,1.0,1.0
83.2174,34.4444,0.8937125748502994,0.4494011976047904,0.45838323353293414
81.5651,34.0087,0.9550898203592815,0.5754491017964072,0.548502994011976
79.9439,33.536,0.6110778443113772,0.2505988023952096,0.23982035928143713
118.9967,35.3782,1.0,1.0,1.0
117.3005,35.8323,1.0,1.0,1.0
115.5725,36.2463,1.0,1.0,1.0
113.815,36.6188,1.0,1.0,1.0
112.0306,36.9482,1.0,1.0,1.0
110.2222,37.2331,1.0,1.0,1.0
108.3929,37.4725,1.0,1.0,1.0
106.5463,37.6652,1.0,1.0,1.0
104.6859,37.8105,1.0,1.0,1.0
102.8156,37.9077,1.0,1.0,1.0
100.9392,37.9564,1.0,1.0,1.0
99.0608,37.9564,1.0,1.0,1.0
95.3141,37.8105,1.0,1.0,1.0
93.4537,37.6652,1.0,1.0,1.0
91.6071,37.4725,1.0,1.0,1.0
89.7778,37.2331,1.0,1.0,1.0
87.9694,36.9482,0.8290419161676646,0.49880239520958086,0.494311377245509
86.185,36.6188,1.0,1.0,1.0
84.4275,36.2463,1.0,1.0,1.0
81.0033,35.3782,0.982934131736527,0.6889221556886228,0.6616766467065869
119.5923,36.7595,1.0,1.0,1.0
117.8503,37.2331,1.0,1.0,1.0
116.0736,37.6652,1.0,1.0,1.0
114.2645,38.0541,1.0,1.0,1.0
112.4259,38.3982,1.0,1.0,1.0
110.561,38.696,1.0,1.0,1.0
108.6732,38.9462,1.0,1.0,1.0
106.7662,39.1478,1.0,1.0,1.0
104.844,39.2999,1.0,1.0,1.0
102.9108,39.4016,1.0,1.0,1.0
100.971,39.4526,1.0,1.0,1.0
99.029,39.4526,1.0,1.0,1.0
97.0892,39.4016,1.0,1.0,1.0
95.156,39.2999,1.0,1.0,1.0
93.2338,39.1478,1.0,1.0,1.0
91.3268,38.9462,1.0,1.0,1.0
89.439,38.696,1.0,1.0,1.0
87.5741,38.3982,1.0,1.0,1.0
85.7355,38.0541,1.0,1.0,1.0
83.9264,37.6652,1.0,1.0,1.0
82.1497,37.2331,1.0,1.0,1.0
69.3227,32.4447,1.0,1.0,1.0
67.9074,31.7095,1.0,1.0,1.0
128.54,35.1087,1.0,1.0,1.0
126.9657,35.7866,1.0,1.0,1.0
116.607,39.0973,1.0,1.0,1.0
114.7436,39.5036,1.0,1.0,1.0
112.8477,39.8634,1.0,1.0,1.0
110.9228,40.1749,1.0,1.0,1.0
108.9726,40.4368,1.0,1.0,1.0
107.0013,40.6478,1.0,1.0,1.0
105.0131,40.807,1.0,1.0,1.0
103.0128,40.9135,1.0,1.0,1.0
101.0051,40.9669,1.0,1.0,1.0
98.9949,40.9669,1.0,1.0,1.0
96.9872,40.9135,1.0,1.0,1.0
94.9869,40.807,1.0,1.0,1.0
92.9987,40.6478,1.0,1.0,1.0
91.0274,40.4368,1.0,1.0,1.0
89.0772,40.1749,1.0,1.0,1.0
87.1523,39.8634,1.0,1.0,1.0
85.2564,39.5036,1.0,1.0,1.0
83.393,39.0973,1.0,1.0,1.0
81.5651,38.6462,1.0,1.0,1.0
79.7751,38.152,1.0,1.0,1.0
78.0255,37.6169,0.5859281437125748,0.6005988023952096,0.6059880239520958
68.4486,33.6643,1.0,1.0,1.0
67.0115,32.9021,1.0,1.0,1.0
129.4072,36.3855,1.0,1.0,1.0
127.8015,37.0903,1.0,1.0,1.0
126.1468,37.762,1.0,1.0,1.0
119.0577,40.0707,1.0,1.0,1.0
117.1759,40.5421,1.0,1.0,1.0
115.2551,40.9669,1.0,1.0,1.0
113.2986,41.3433,1.0,1.0,1.0
111.3099,41.6694,1.0,1.0,1.0
109.2933,41.9436,1.0,1.0,1.0
107.2532,42.1647,1.0,1.0,1.0
105.1944,42.3316,1.0,1.0,1.0
103.1221,42.4433,1.0,1.0,1.0
101.0416,42.4993,1.0,1.0,1.0
98.9584,42.4993,1.0,1.0,1.0
96.8779,42.4433,1.0,1.0,1.0
94.8056,42.3316,1.0,1.0,1.0
92.7468,42.1647,1.0,1.0,1.0
90.7067,41.9436,1.0,1.0,1.0
88.6901,41.6694,1.0,1.0,1.0
86.7014,41.3433,1.0,1.0,1.0
84.7449,40.9669,1.0,1.0,1.0
82.8241,40.5421,1.0,1.0,1.0
80.9423,40.0707,1.0,1.0,1.0
79.1022,39.5548,1.0,1.0,1.0
77.3062,38.9965,1.0,1.0,1.0
67.5288,34.8858,1.0,1.0,1.0
66.0702,34.0954,1.0,1.0,1.0
64.6599,33.281,1.0,1.0,1.0
63.2971,32.4447,1.0,1.0,1.0
126.9958,39.0973,1.0,1.0,1.0
125.2532,39.7602,1.0,1.0,1.0
123.459,40.3842,1.0,1.0,1.0
121.6148,40.9669,1.0,1.0,1.0
119.7223,41.5059,1.0,1.0,1.0
117.7839,41.9988,1.0,1.0,1.0
115.8025,42.4433,1.0,1.0,1.0
113.7816,42.8373,1.0,1.0,1.0
111.7251,43.1789,1.0,1.0,1.0
109.6375,43.4664,1.0,1.0,1.0
107.5238,43.6983,1.0,1.0,1.0
105.3893,43.8733,1.0,1.0,1.0
103.2397,43.9906,1.0,1.0,1.0
101.0809,44.0493,1.0,1.0,1.0
98.9191,44.0493,1.0,1.0,1.0
96.7603,43.9906,1.0,1.0,1.0
94.6107,43.8733,1.0,1.0,1.0
92.4762,43.6983,1.0,1.0,1.0
90.3625,43.4664,0.6595808383233533,0.4440119760479042,0.5407185628742515
88.2749,43.1789,1.0,1.0,1.0
86.2184,42.8373,0.9679640718562874,0.18982035928143712,0.20748502994011975
84.1975,42.4433,0.9985029940119761,0.8793413173652694,0.9140718562874252
82.2161,41.9988,0.8152694610778443,0.1694610778443114,0.22694610778443114
80.2777,41.5059,0.9937125748502994,0.6437125748502994,0.704191616766467
78.3852,40.9669,0.9916167664670659,0.8452095808383233,0.8721556886227545
76.541,40.3842,0.9991017964071857,0.8796407185628743,0.9023952095808383
69.6764,37.6652,1.0,1.0,1.0
65.0806,35.2881,1.0,1.0,1.0
63.6525,34.4444,1.0,1.0,1.0
62.275,33.5787,1.0,1.0,1.0
57.2457,29.9394,1.0,1.0,1.0
124.2744,41.7788,1.0,1.0,1.0
122.3801,42.3874,1.0,1.0,1.0
120.4328,42.9508,1.0,1.0,1.0
118.4349,43.4664,1.0,1.0,1.0
116.3895,43.9319,1.0,1.0,1.0
114.3003,44.3448,1.0,1.0,1.0
112.1715,44.7031,1.0,1.0,1.0
110.008,45.0047,1.0,1.0,1.0
107.8153,45.2482,1.0,1.0,1.0
105.5993,45.432,1.0,1.0,1.0
103.3665,45.5551,1.0,1.0,1.0
101.1233,45.6169,1.0,1.0,1.0
98.8767,45.6169,1.0,1.0,1.0
96.6335,45.5551,1.0,1.0,1.0
94.4007,45.432,1.0,1.0,1.0
92.1847,45.2482,1.0,1.0,1.0
89.992,45.0047,1.0,1.0,1.0
87.8285,44.7031,1.0,1.0,1.0
85.6997,44.3448,1.0,1.0,1.0
83.6105,43.9319,0.9664670658682635,0.8526946107784431,0.8679640718562874
77.6199,42.3874,0.5224550898203593,0.11946107784431138,0.12754491017964073
75.7256,41.7788,0.7508982035928143,0.3074850299401198,0.2877245508982036
68.707,38.9462,0.6449101796407186,0.27335329341317366,0.3032934131736527
65.5392,37.3286,1.0,1.0,1.0
64.0395,36.4786,1.0,1.0,1.0
62.5946,35.6045,1.0,1.0,1.0
61.2034,34.7085,1.0,1.0,1.0
59.8645,33.7931,1.0,1.0,1.0
58.5763,32.8602,1.0,1.0,1.0
56.1458,30.9507,1.0,1.0,1.0
55.0,29.9778,1.0,1.0,1.0
53.8983,28.9951,1.0,1.0,1.0
128.8557,41.7788,1.0,1.0,1.0
127.0309,42.4993,1.0,1.0,1.0
125.1448,43.1789,1.0,1.0,1.0
123.1986,43.8149,1.0,1.0,1.0
121.1941,44.4042,1.0,1.0,1.0
119.1336,44.9442,1.0,1.0,1.0
117.0205,45.432,1.0,1.0,1.0
114.8586,45.8651,1.0,1.0,1.0
112.6526,46.2411,1.0,1.0,1.0
110.4077,46.558,1.0,1.0,1.0
108.1301,46.8138,1.0,1.0,1.0
105.8263,47.0071,1.0,1.0,1.0
103.5035,47.1366,1.0,1.0,1.0
101.1691,47.2016,1.0,1.0,1.0
98.8309,47.2016,1.0,1.0,1.0
96.4965,47.1366,1.0,1.0,1.0
94.1737,47.0071,1.0,1.0,1.0
91.8699,46.8138,1.0,1.0,1.0
89.5923,46.558,1.0,1.0,1.0
87.3474,46.2411,1.0,1.0,1.0
85.1414,45.8651,1.0,1.0,1.0
82.9795,45.432,1.0,1.0,1.0
80.8664,44.9442,1.0,1.0,1.0
78.8059,44.4042,1.0,1.0,1.0
76.8014,43.8149,0.15269461077844312,0.15389221556886226,0.16437125748502995
74.8552,43.1789,0.6967065868263473,0.47604790419161674,0.47904191616766467
69.3814,41.0204,1.0,1.0,1.0
67.6804,40.2271,1.0,1.0,1.0
66.0409,39.4016,1.0,1.0,1.0
64.4623,38.5467,1.0,1.0,1.0
61.4831,36.7595,1.0,1.0,1.0
60.0796,35.8323,1.0,1.0,1.0
58.7314,34.8858,1.0,1.0,1.0
57.4366,33.9223,1.0,1.0,1.0
55.0,31.9528,1.0,1.0,1.0
53.8542,30.9507,1.0,1.0,1.0
52.7543,29.9394,1.0,1.0,1.0
129.876,43.1217,1.0,1.0,1.0
128.0092,43.8733,1.0,1.0,1.0
126.0754,44.5832,1.0,1.0,1.0
124.0755,45.2482,1.0,1.0,1.0
122.0113,45.8651,1.0,1.0,1.0
119.8852,46.4309,1.0,1.0,1.0
117.7004,46.9425,1.0,1.0,1.0
115.4612,47.3973,1.0,1.0,1.0
113.1726,47.7924,1.0,1.0,1.0
110.8403,48.1256,1.0,1.0,1.0
108.4711,48.3948,1.0,1.0,1.0
106.0725,48.5983,1.0,1.0,1.0
103.6522,48.7347,1.0,1.0,1.0
101.2189,48.8031,1.0,1.0,1.0
98.7811,48.8031,1.0,1.0,1.0
96.3478,48.7347,1.0,1.0,1.0
93.9275,48.5983,1.0,1.0,1.0
89.1597,48.1256,1.0,1.0,1.0
84.5388,47.3973,1.0,1.0,1.0
82.2996,46.9425,1.0,1.0,1.0
80.1148,46.4309,1.0,1.0,1.0
77.9887,45.8651,1.0,1.0,1.0
75.9245,45.2482,1.0,1.0,1.0
73.9246,44.5832,1.0,1.0,1.0
71.9908,43.8733,1.0,1.0,1.0
70.124,43.1217,1.0,1.0,1.0
68.3245,42.3316,1.0,1.0,1.0
66.5922,41.5059,1.0,1.0,1.0
64.9262,40.6478,1.0,1.0,1.0
63.3257,39.7602,1.0,1.0,1.0
61.789,38.8459,1.0,1.0,1.0
57.5448,35.9697,1.0,1.0,1.0
56.2454,34.9748,1.0,1.0,1.0
55.0,33.9655,1.0,1.0,1.0
53.8065,32.944,1.0,1.0,1.0
51.5664,30.8718,1.0,1.0,1.0
132.7995,43.6402,1.0,1.0,1.0
130.9638,44.4638,1.0,1.0,1.0
129.0546,45.2482,1.0,1.0,1.0
127.0721,45.9899,1.0,1.0,1.0
125.0169,46.6857,1.0,1.0,1.0
122.8906,47.3319,1.0,1.0,1.0
120.6955,47.9253,1.0,1.0,1.0
118.4349,48.4625,1.0,1.0,1.0
116.1134,48.9404,1.0,1.0,1.0
113.7363,49.3561,1.0,1.0,1.0
111.3099,49.707,1.0,1.0,1.0
108.8418,49.9906,1.0,1.0,1.0
106.3402,50.2051,1.0,1.0,1.0
103.8141,50.3489,1.0,1.0,1.0
101.273,50.4211,1.0,1.0,1.0
98.727,50.4211,0.5320359281437126,0.181437125748503,0.18712574850299402
96.1859,50.3489,1.0,1.0,1.0
93.6598,50.2051,1.0,1.0,1.0
88.6901,49.707,1.0,1.0,1.0
86.2637,49.3561,1.0,1.0,1.0
83.8866,48.9404,1.0,1.0,1.0
81.5651,48.4625,1.0,1.0,1.0
79.3045,47.9253,1.0,1.0,1.0
77.1094,47.3319,1.0,1.0,1.0
74.9831,46.6857,1.0,1.0,1.0
72.9279,45.9899,1.0,1.0,1.0
70.9454,45.2482,1.0,1.0,1.0
69.0362,44.4638,1.0,1.0,1.0
67.2005,43.6402,1.0,1.0,1.0
65.4375,42.7807,1.0,1.0,1.0
63.7462,41.8886,1.0,1.0,1.0
62.125,40.9669,1.0,1.0,1.0
60.5722,40.0187,1.0,1.0,1.0
59.0856,39.0469,1.0,1.0,1.0
56.302,37.0429,1.0,1.0,1.0
53.7546,34.9748,1.0,1.0,1.0
52.5634,33.9223,1.0,1.0,1.0
50.3331,31.7904,1.0,1.0,1.0
135.789,44.0493,1.0,1.0,1.0
133.9965,44.9442,1.0,1.0,1.0
132.125,45.8028,1.0,1.0,1.0
130.1735,46.6218,1.0,1.0,1.0
128.1416,47.3973,1.0,1.0,1.0
126.0296,48.1256,1.0,1.0,1.0
123.8387,48.8031,1.0,1.0,1.0
121.5713,49.426,1.0,1.0,1.0
119.2307,49.9906,1.0,1.0,1.0
116.8214,50.4935,1.0,1.0,1.0
114.3493,50.9313,1.0,1.0,1.0
111.8215,51.3012,1.0,1.0,1.0
109.2461,51.6005,1.0,1.0,1.0
106.6325,51.8269,1.0,1.0,1.0
103.9909,51.9789,1.0,1.0,1.0
101.3322,52.0552,0.7155688622754491,0.23832335329341317,0.23892215568862277
98.6678,52.0552,0.7305389221556886,0.4347305389221557,0.42065868263473055
96.0091,51.9789,0.5697604790419162,0.19071856287425148,0.1937125748502994
93.3675,51.8269,1.0,1.0,1.0
90.7539,51.6005,1.0,1.0,1.0
88.1785,51.3012,1.0,1.0,1.0
85.6507,50.9313,1.0,1.0,1.0
83.1786,50.4935,1.0,1.0,1.0
80.7693,49.9906,1.0,1.0,1.0
78.4287,49.426,1.0,1.0,1.0
76.1613,48.8031,1.0,1.0,1.0
73.9704,48.1256,1.0,1.0,1.0
71.8584,47.3973,1.0,1.0,1.0
69.8265,46.6218,1.0,1.0,1.0
67.875,45.8028,1.0,1.0,1.0
66.0035,44.9442,1.0,1.0,1.0
64.211,44.0493,1.0,1.0,1.0
62.4959,43.1217,1.0,1.0,1.0
60.856,42.1647,1.0,1.0,1.0
59.2892,41.1814,1.0,1.0,1.0
57.7927,40.1749,1.0,1.0,1.0
56.3639,39.1478,1.0,1.0,1.0
51.2686,34.8858,1.0,1.0,1.0
49.0531,32.6934,1.0,1.0,1.0
137.0928,45.3093,1.0,1.0,1.0
135.2724,46.2411,1.0,1.0,1.0
133.3664,47.1366,1.0,1.0,1.0
131.373,47.9919,1.0,1.0,1.0
129.2914,48.8031,1.0,1.0,1.0
127.1213,49.5661,1.0,1.0,1.0
124.8637,50.2769,1.0,1.0,1.0
122.5206,50.9313,1.0,1.0,1.0
120.0952,51.5254,1.0,1.0,1.0
117.5924,52.0552,1.0,1.0,1.0
115.0184,52.517,1.0,1.0,1.0
112.3808,52.9076,1.0,1.0,1.0
109.6888,53.2238,1.0,1.0,1.0
106.953,53.4633,1.0,1.0,1.0
104.1849,53.6241,1.0,1.0,1.0
101.3972,53.7049,0.2122754491017964,0.03802395209580838,0.03802395209580838
98.6028,53.7049,0.6805389221556887,0.15568862275449102,0.13682634730538923
93.047,53.4633,1.0,1.0,1.0
90.3112,53.2238,1.0,1.0,1.0
87.6192,52.9076,1.0,1.0,1.0
84.9816,52.517,1.0,1.0,1.0
82.4076,52.0552,1.0,1.0,1.0
79.9048,51.5254,1.0,1.0,1.0
77.4794,50.9313,1.0,1.0,1.0
75.1363,50.2769,1.0,1.0,1.0
72.8787,49.5661,1.0,1.0,1.0
70.7086,48.8031,1.0,1.0,1.0
68.627,47.9919,1.0,1.0,1.0
66.6336,47.1366,1.0,1.0,1.0
64.7276,46.2411,1.0,1.0,1.0
62.9072,45.3093,1.0,1.0,1.0
61.1702,44.3448,1.0,1.0,1.0
59.514,43.3511,1.0,1.0,1.0
57.9357,42.3316,1.0,1.0,1.0
56.4321,41.2892,1.0,1.0,1.0
55.0,40.2271,1.0,1.0,1.0
48.7966,34.7085,1.0,1.0,1.0
47.725,33.5787,1.0,1.0,1.0
136.6341,47.5284,1.0,1.0,1.0
134.6952,48.4625,1.0,1.0,1.0
132.6609,49.3561,1.0,1.0,1.0
130.5297,50.2051,1.0,1.0,1.0
128.3008,51.0049,1.0,1.0,1.0
125.9744,51.7513,1.0,1.0,1.0
123.5523,52.4395,1.0,1.0,1.0
121.0375,53.0653,1.0,1.0,1.0
118.4349,53.6241,1.0,1.0,1.0
115.7512,54.112,1.0,1.0,1.0
112.9946,54.525,1.0,1.0,1.0
110.1755,54.8599,1.0,1.0,1.0
107.3058,55.1136,1.0,1.0,1.0
104.3987,55.2841,1.0,1.0,1.0
101.4688,55.3697,1.0,1.0,1.0
98.5312,55.3697,0.17694610778443115,0.016766467065868262,0.017664670658682633
95.6013,55.2841,0.13652694610778443,0.026347305389221556,0.023952095808383235
92.6942,55.1136,1.0,1.0,1.0
89.8245,54.8599,1.0,1.0,1.0
87.0054,54.525,1.0,1.0,1.0
84.2488,54.112,1.0,1.0,1.0
81.5651,53.6241,1.0,1.0,1.0
78.9625,53.0653,1.0,1.0,1.0
76.4477,52.4395,1.0,1.0,1.0
74.0256,51.7513,1.0,1.0,1.0
71.6992,51.0049,1.0,1.0,1.0
69.4703,50.2051,1.0,1.0,1.0
67.3391,49.3561,1.0,1.0,1.0
65.3048,48.4625,1.0,1.0,1.0
63.3659,47.5284,1.0,1.0,1.0
61.5198,46.558,1.0,1.0,1.0
59.7636,45.5551,1.0,1.0,1.0
58.0941,44.5234,1.0,1.0,1.0
56.5074,43.4664,1.0,1.0,1.0
55.0,42.3874,1.0,1.0,1.0
47.4054,35.6045,1.0,1.0,1.0
46.3475,34.4444,1.0,1.0,1.0
136.1193,49.7776,1.0,1.0,1.0
131.866,51.6005,1.0,1.0,1.0
129.5778,52.4395,1.0,1.0,1.0
127.1811,53.2238,1.0,1.0,1.0
124.6769,53.9484,1.0,1.0,1.0
122.0679,54.6084,1.0,1.0,1.0
119.359,55.1987,1.0,1.0,1.0
116.5571,55.7149,1.0,1.0,1.0
113.6713,56.1525,1.0,1.0,1.0
110.7131,56.5077,1.0,1.0,1.0
107.6961,56.7771,1.0,1.0,1.0
104.6355,56.9582,1.0,1.0,1.0
101.5482,57.0492,1.0,1.0,1.0
98.4518,57.0492,1.0,1.0,1.0
95.3645,56.9582,1.0,1.0,1.0
92.3039,56.7771,1.0,1.0,1.0
89.2869,56.5077,1.0,1.0,1.0
86.3287,56.1525,1.0,1.0,1.0
83.4429,55.7149,1.0,1.0,1.0
80.641,55.1987,1.0,1.0,1.0
77.9321,54.6084,1.0,1.0,1.0
75.3231,53.9484,1.0,1.0,1.0
72.8189,53.2238,1.0,1.0,1.0
70.4222,52.4395,1.0,1.0,1.0
68.134,51.6005,1.0,1.0,1.0
65.9541,50.7116,1.0,1.0,1.0
63.8807,49.7776,1.0,1.0,1.0
61.9112,48.8031,1.0,1.0,1.0
60.0425,47.7924,1.0,1.0,1.0
58.2705,46.7497,1.0,1.0,1.0
56.5911,45.6787,1.0,1.0,1.0
55.0,44.5832,1.0,1.0,1.0
53.4926,43.4664,1.0,1.0,1.0
47.0565,37.6652,1.0,1.0,1.0
45.9605,36.4786,1.0,1.0,1.0
44.9194,35.2881,1.0,1.0,1.0
139.6442,50.0619,1.0,1.0,1.0
137.6476,51.0787,1.0,1.0,1.0
135.5377,52.0552,1.0,1.0,1.0
130.9638,53.867,1.0,1.0,1.0
128.4956,54.6919,1.0,1.0,1.0
125.9065,55.4556,1.0,1.0,1.0
123.1986,56.1525,1.0,1.0,1.0
120.3764,56.7771,1.0,1.0,1.0
117.4472,57.3241,1.0,1.0,1.0
114.4208,57.7887,1.0,1.0,1.0
111.3099,58.1662,1.0,1.0,1.0
108.1301,58.453,1.0,1.0,1.0
104.8991,58.6459,1.0,1.0,1.0
101.6366,58.7429,1.0,1.0,1.0
98.3634,58.7429,1.0,1.0,1.0
95.1009,58.6459,1.0,1.0,1.0
91.8699,58.453,1.0,1.0,1.0
88.6901,58.1662,1.0,1.0,1.0
85.5792,57.7887,1.0,1.0,1.0
82.5528,57.3241,1.0,1.0,1.0
79.6236,56.7771,1.0,1.0,1.0
76.8014,56.1525,1.0,1.0,1.0
74.0935,55.4556,1.0,1.0,1.0
71.5044,54.6919,1.0,1.0,1.0
69.0362,53.867,1.0,1.0,1.0
66.6894,52.9863,1.0,1.0,1.0
64.4623,52.0552,1.0,1.0,1.0
62.3524,51.0787,1.0,1.0,1.0
60.3558,50.0619,1.0,1.0,1.0
58.4682,49.0093,1.0,1.0,1.0
56.6847,47.9253,1.0,1.0,1.0
55.0,46.8138,1.0,1.0,1.0
53.4089,45.6787,1.0,1.0,1.0
51.9059,44.5234,1.0,1.0,1.0
45.5377,38.5467,1.0,1.0,1.0
44.4608,37.3286,1.0,1.0,1.0
143.2101,50.2051,1.0,1.0,1.0
141.3086,51.3012,1.0,1.0,1.0
139.2894,52.3622,1.0,1.0,1.0
137.1467,53.3833,1.0,1.0,1.0
134.8753,54.3591,1.0,1.0,1.0
129.9315,56.1525,1.0,1.0,1.0
127.2553,56.9582,1.0,1.0,1.0
124.444,57.6951,1.0,1.0,1.0
121.5014,58.3571,1.0,1.0,1.0
115.2551,59.4322,1.0,1.0,1.0
111.9761,59.8345,1.0,1.0,1.0
108.6156,60.1404,1.0,1.0,1.0
105.1944,60.3464,1.0,1.0,1.0
101.7357,60.4501,1.0,1.0,1.0
98.2643,60.4501,1.0,1.0,1.0
94.8056,60.3464,1.0,1.0,1.0
91.3844,60.1404,1.0,1.0,1.0
88.0239,59.8345,1.0,1.0,1.0
84.7449,59.4322,1.0,1.0,1.0
81.5651,58.938,1.0,1.0,1.0
78.4986,58.3571,1.0,1.0,1.0
75.556,57.6951,1.0,1.0,1.0
72.7447,56.9582,1.0,1.0,1.0
70.0685,56.1525,1.0,1.0,1.0
67.5288,55.2841,1.0,1.0,1.0
65.1247,54.3591,1.0,1.0,1.0
62.8533,53.3833,1.0,1.0,1.0
60.7106,52.3622,1.0,1.0,1.0
58.6914,51.3012,1.0,1.0,1.0
56.7899,50.2051,1.0,1.0,1.0
55.0,49.0784,1.0,1.0,1.0
53.3153,47.9253,1.0,1.0,1.0
47.5041,43.1217,1.0,1.0,1.0
46.2538,41.8886,0.5278443113772455,0.41946107784431136,0.4568862275449102
45.0738,40.6478,1.0,1.0,1.0
43.9591,39.4016,1.0,1.0,1.0
41.9081,36.9009,1.0,1.0,1.0
143.0908,52.517,1.0,1.0,1.0
136.573,55.7149,1.0,1.0,1.0
134.1145,56.687,1.0,1.0,1.0
131.5043,57.6019,1.0,1.0,1.0
128.7398,58.453,1.0,1.0,1.0
125.821,59.2333,1.0,1.0,1.0
122.751,59.936,1.0,1.0,1.0
119.5367,60.5542,1.0,1.0,1.0
116.1892,61.0812,1.0,1.0,1.0
112.7244,61.511,1.0,1.0,1.0
109.1623,61.8384,1.0,1.0,1.0
105.5275,62.0591,1.0,1.0,1.0
101.8476,62.1703,1.0,1.0,1.0
98.1524,62.1703,1.0,1.0,1.0
94.4725,62.0591,1.0,1.0,1.0
90.8377,61.8384,1.0,1.0,1.0
87.2756,61.511,1.0,1.0,1.0
83.8108,61.0812,1.0,1.0,1.0
80.4633,60.5542,1.0,1.0,1.0
77.249,59.936,1.0,1.0,1.0
74.179,59.2333,1.0,1.0,1.0
71.2602,58.453,1.0,1.0,1.0
68.4957,57.6019,1.0,1.0,1.0
65.8855,56.687,1.0,1.0,1.0
63.427,55.7149,1.0,1.0,1.0
61.1155,54.6919,1.0,1.0,1.0
58.9452,53.6241,1.0,1.0,1.0
56.9092,52.517,1.0,1.0,1.0
55.0,51.3757,1.0,1.0,1.0
53.2101,50.2051,1.0,1.0,1.0
51.5318,49.0093,1.0,1.0,1.0
49.9575,47.7924,1.0,1.0,1.0
48.4802,46.558,1.0,1.0,1.0
47.0928,45.3093,1.0,1.0,1.0
45.789,44.0493,1.0,1.0,1.0
44.5625,42.7807,0.4997005988023952,0.8470059880239521,0.8473053892215568
43.4078,41.5059,1.0,1.0,1.0
42.3196,40.2271,1.0,1.0,1.0
41.293,38.9462,1.0,1.0,1.0
40.3236,37.6652,1.0,1.0,1.0
138.4181,57.0492,1.0,1.0,1.0
135.9097,58.0713,1.0,1.0,1.0
133.2317,59.0361,1.0,1.0,1.0
130.3791,59.936,1.0,1.0,1.0
127.3499,60.7636,1.0,1.0,1.0
124.1455,61.511,1.0,1.0,1.0
120.7723,62.1703,1.0,1.0,1.0
117.2415,62.7337,1.0,1.0,1.0
113.5704,63.1944,1.0,1.0,1.0
109.7824,63.5459,1.0,1.0,1.0
105.9061,63.7832,1.0,1.0,1.0
101.9749,63.9027,1.0,1.0,1.0
98.0251,63.9027,1.0,1.0,1.0
94.0939,63.7832,1.0,1.0,1.0
90.2176,63.5459,1.0,1.0,1.0
86.4296,63.1944,1.0,1.0,1.0
82.7585,62.7337,1.0,1.0,1.0
79.2277,62.1703,1.0,1.0,1.0
75.8545,61.511,1.0,1.0,1.0
72.6501,60.7636,1.0,1.0,1.0
69.6209,59.936,1.0,1.0,1.0
66.7683,59.0361,1.0,1.0,1.0
64.0903,58.0713,1.0,1.0,1.0
61.5819,57.0492,1.0,1.0,1.0
59.2364,55.9766,1.0,1.0,1.0
57.0454,54.8599,1.0,1.0,1.0
55.0,53.7049,1.0,1.0,1.0
53.0908,52.517,1.0,1.0,1.0
51.3086,51.3012,1.0,1.0,1.0
49.6442,50.0619,1.0,1.0,1.0
48.0888,48.8031,1.0,1.0,1.0
46.6341,47.5284,1.0,1.0,1.0
45.2724,46.2411,1.0,1.0,1.0
43.9965,44.9442,1.0,1.0,1.0
42.7995,43.6402,0.38023952095808383,0.7026946107784431,0.6541916167664671
39.6237,39.7087,1.0,1.0,1.0
38.6861,38.3982,1.0,1.0,1.0
37.8015,37.0903,1.0,1.0,1.0
140.4261,58.3571,1.0,1.0,1.0
137.875,59.4322,1.0,1.0,1.0
135.1342,60.4501,1.0,1.0,1.0
132.1957,61.4029,1.0,1.0,1.0
129.0546,62.2819,1.0,1.0,1.0
125.71,63.0784,1.0,1.0,1.0
122.1663,63.7832,1.0,1.0,1.0
118.4349,64.3874,1.0,1.0,1.0
114.5345,64.8827,1.0,1.0,1.0
110.4915,65.2615,1.0,1.0,1.0
106.3402,65.5176,1.0,1.0,1.0
102.1211,65.6469,1.0,1.0,1.0
97.8789,65.6469,1.0,1.0,1.0
93.6598,65.5176,1.0,1.0,1.0
89.5085,65.2615,1.0,1.0,1.0
85.4655,64.8827,1.0,1.0,1.0
81.5651,64.3874,1.0,1.0,1.0
77.8337,63.7832,1.0,1.0,1.0
74.29,63.0784,1.0,1.0,1.0
70.9454,62.2819,1.0,1.0,1.0
67.8043,61.4029,1.0,1.0,1.0
64.8658,60.4501,1.0,1.0,1.0
62.125,59.4322,1.0,1.0,1.0
59.5739,58.3571,1.0,1.0,1.0
57.2026,57.2322,1.0,1.0,1.0
55.0,56.0644,1.0,1.0,1.0
52.9546,54.8599,1.0,1.0,1.0
51.0548,53.6241,1.0,1.0,1.0
49.2894,52.3622,1.0,1.0,1.0
47.6476,51.0787,1.0,1.0,1.0
46.1193,49.7776,1.0,1.0,1.0
44.6952,48.4625,1.0,1.0,1.0
43.3664,47.1366,1.0,1.0,1.0
42.125,45.8028,1.0,1.0,1.0
40.9638,44.4638,0.3991017964071856,0.04580838323353294,0.052095808383233536
36.9958,39.0973,1.0,1.0,1.0
36.1468,37.762,1.0,1.0,1.0
142.6141,59.6325,1.0,1.0,1.0
140.0303,60.7636,1.0,1.0,1.0
137.2348,61.8384,1.0,1.0,1.0
134.2157,62.8481,1.0,1.0,1.0
130.9638,63.7832,1.0,1.0,1.0
127.4744,64.6337,1.0,1.0,1.0
123.7495,65.3892,1.0,1.0,1.0
119.7989,66.0392,1.0,1.0,1.0
115.6422,66.5738,1.0,1.0,1.0
111.3099,66.9837,1.0,1.0,1.0
106.8428,67.2616,1.0,1.0,1.0
102.2906,67.4019,1.0,1.0,1.0
97.7094,67.4019,1.0,1.0,1.0
93.1572,67.2616,1.0,1.0,1.0
88.6901,66.9837,1.0,1.0,1.0
76.2505,65.3892,1.0,1.0,1.0
72.5256,64.6337,1.0,1.0,1.0
69.0362,63.7832,1.0,1.0,1.0
65.7843,62.8481,1.0,1.0,1.0
62.7652,61.8384,1.0,1.0,1.0
59.9697,60.7636,1.0,1.0,1.0
57.3859,59.6325,1.0,1.0,1.0
55.0,58.453,1.0,1.0,1.0
52.7974,57.2322,1.0,1.0,1.0
50.7636,55.9766,1.0,1.0,1.0
48.8845,54.6919,1.0,1.0,1.0
47.1467,53.3833,1.0,1.0,1.0
45.5377,52.0552,1.0,1.0,1.0
44.0459,50.7116,1.0,1.0,1.0
42.6609,49.3561,1.0,1.0,1.0
41.373,47.9919,1.0,1.0,1.0
40.1735,46.6218,1.0,1.0,1.0
39.0546,45.2482,1.0,1.0,1.0
36.1139,41.1277,1.0,1.0,1.0
35.2532,39.7602,1.0,1.0,1.0
34.444,38.3982,1.0,1.0,1.0
33.6821,37.0429,1.0,1.0,1.0
147.3859,59.6325,1.0,1.0,1.0
145.0,60.869,1.0,1.0,1.0
142.3974,62.0591,0.8497005988023952,0.7640718562874251,0.7637724550898204
139.5597,63.1944,0.7892215568862275,0.6817365269461078,0.7053892215568862
136.4692,64.2653,0.5982035928143713,0.4631736526946108,0.4682634730538922
133.1113,65.2615,0.8577844311377245,0.7790419161676647,0.7754491017964071
129.4759,66.1716,0.9422155688622754,0.8425149700598802,0.8562874251497006
125.56,66.9837,1.0,1.0,1.0
121.3706,67.6855,1.0,1.0,1.0
116.9275,68.2649,1.0,1.0,1.0
112.2648,68.7108,1.0,1.0,1.0
107.4314,69.0139,1.0,1.0,1.0
102.4896,69.1672,1.0,1.0,1.0
97.5104,69.1672,0.9263473053892216,0.7269461077844311,0.7227544910179641
92.5686,69.0139,0.968562874251497,0.865568862275449,0.8688622754491018
87.7352,68.7108,1.0,1.0,1.0
83.0725,68.2649,1.0,1.0,1.0
74.44,66.9837,1.0,1.0,1.0
70.5241,66.1716,1.0,1.0,1.0
66.8887,65.2615,1.0,1.0,1.0
63.5308,64.2653,1.0,1.0,1.0
60.4403,63.1944,1.0,1.0,1.0
57.6026,62.0591,1.0,1.0,1.0
55.0,60.869,1.0,1.0,1.0
52.6141,59.6325,1.0,1.0,1.0
50.4261,58.3571,1.0,1.0,1.0
48.4181,57.0492,1.0,1.0,1.0
46.573,55.7149,1.0,1.0,1.0
44.8753,54.3591,1.0,1.0,1.0
43.3106,52.9863,1.0,1.0,1.0
41.866,51.6005,1.0,1.0,1.0
40.5297,50.2051,1.0,1.0,1.0
39.2914,48.8031,1.0,1.0,1.0
38.1416,47.3973,1.0,1.0,1.0
34.2744,41.7788,1.0,1.0,1.0
33.459,40.3842,1.0,1.0,1.0
32.6938,38.9965,1.0,1.0,1.0
31.9745,37.6169,1.0,1.0,1.0
152.125,59.4322,1.0,1.0,1.0
149.9697,60.7636,1.0,1.0,1.0
147.6026,62.0591,0.5029940119760479,0.36766467065868264,0.37005988023952097
145.0,63.3109,0.6101796407185629,0.5209580838323353,0.5275449101796407
142.1376,64.5102,0.5098802395209581,0.49610778443113773,0.4991017964071856
138.991,65.6469,0.3092814371257485,0.3008982035928144,0.30359281437125746
135.5377,66.7095,1.0,1.0,1.0
131.7595,67.6855,0.7173652694610778,0.5631736526946107,0.5494011976047904
127.646,68.5611,1.0,1.0,1.0
123.1986,69.3217,1.0,1.0,1.0
118.4349,69.9528,1.0,1.0,1.0
113.3925,70.4406,1.0,1.0,1.0
108.1301,70.7731,1.0,1.0,1.0
102.7263,70.9418,1.0,1.0,1.0
91.8699,70.7731,1.0,1.0,1.0
86.6075,70.4406,1.0,1.0,1.0
81.5651,69.9528,1.0,1.0,1.0
76.8014,69.3217,1.0,1.0,1.0
72.354,68.5611,1.0,1.0,1.0
68.2405,67.6855,1.0,1.0,1.0
64.4623,66.7095,1.0,1.0,1.0
61.009,65.6469,1.0,1.0,1.0
57.8624,64.5102,1.0,1.0,1.0
55.0,63.3109,1.0,1.0,1.0
52.3974,62.0591,1.0,1.0,1.0
50.0303,60.7636,1.0,1.0,1.0
47.875,59.4322,1.0,1.0,1.0
45.9097,58.0713,1.0,1.0,1.0
44.1145,56.687,1.0,1.0,1.0
42.4712,55.2841,1.0,1.0,1.0
40.9638,53.867,1.0,1.0,1.0
39.5778,52.4395,1.0,1.0,1.0
38.3008,51.0049,1.0,1.0,1.0
37.1213,49.5661,1.0,1.0,1.0
36.0296,48.1256,1.0,1.0,1.0
35.0169,46.6857,1.0,1.0,1.0
34.0755,45.2482,1.0,1.0,1.0
31.6148,40.9669,1.0,1.0,1.0
30.8978,39.5548,1.0,1.0,1.0
30.2249,38.152,1.0,1.0,1.0
29.5923,36.7595,1.0,1.0,1.0
154.8658,60.4501,1.0,1.0,1.0
152.7652,61.8384,1.0,1.0,1.0
150.4403,63.1944,1.0,1.0,1.0
147.8624,64.5102,0.7272455089820359,0.6335329341317365,0.6347305389221557
145.0,65.7769,0.3532934131736527,0.2634730538922156,0.274251497005988
141.8202,66.9837,0.7374251497005988,0.5667664670658683,0.5739520958083832
138.2902,68.1185,0.38053892215568863,0.2688622754491018,0.2754491017964072
134.3803,69.1672,1.0,1.0,1.0
130.0686,70.1139,1.0,1.0,1.0
125.3462,70.9418,1.0,1.0,1.0
120.2249,71.6329,0.6904191616766467,0.3874251497005988,0.4023952095808383
114.7436,72.17,1.0,1.0,1.0
108.9726,72.5379,1.0,1.0,1.0
103.0128,72.7249,1.0,1.0,1.0
96.9872,72.7249,1.0,1.0,1.0
91.0274,72.5379,1.0,1.0,1.0
74.6538,70.9418,1.0,1.0,1.0
69.9314,70.1139,1.0,1.0,1.0
61.7098,68.1185,1.0,1.0,1.0
58.1798,66.9837,1.0,1.0,1.0
55.0,65.7769,1.0,1.0,1.0
52.1376,64.5102,1.0,1.0,1.0
49.5597,63.1944,1.0,1.0,1.0
47.2348,61.8384,1.0,1.0,1.0
45.1342,60.4501,1.0,1.0,1.0
43.2317,59.0361,1.0,1.0,1.0
41.5043,57.6019,1.0,1.0,1.0
39.9315,56.1525,1.0,1.0,1.0
38.4956,54.6919,1.0,1.0,1.0
37.1811,53.2238,1.0,1.0,1.0
35.9744,51.7513,1.0,1.0,1.0
34.8637,50.2769,1.0,1.0,1.0
33.8387,48.8031,1.0,1.0,1.0
32.8906,47.3319,1.0,1.0,1.0
29.0577,40.0707,1.0,1.0,1.0
28.4349,38.6462,1.0,1.0,1.0
155.7843,62.8481,1.0,1.0,1.0
153.5308,64.2653,1.0,1.0,1.0
151.009,65.6469,1.0,1.0,1.0
148.1798,66.9837,0.4110778443113772,0.19790419161676648,0.18383233532934132
145.0,68.2649,1.0,1.0,1.0
141.4237,69.4775,1.0,1.0,1.0
137.4054,70.6061,1.0,1.0,1.0
127.8973,72.5379,0.870059880239521,0.5748502994011976,0.5386227544910179
122.3801,73.2994,0.6461077844311377,0.34820359281437124,0.3326347305389222
103.3665,74.5157,1.0,1.0,1.0
96.6335,74.5157,0.7473053892215569,0.48293413173652694,0.47155688622754494
89.992,74.3061,0.6221556886227545,0.3218562874251497,0.3122754491017964
55.0,68.2649,1.0,1.0,1.0
51.8202,66.9837,1.0,1.0,1.0
48.991,65.6469,1.0,1.0,1.0
46.4692,64.2653,1.0,1.0,1.0
44.2157,62.8481,1.0,1.0,1.0
42.1957,61.4029,1.0,1.0,1.0
40.3791,59.936,1.0,1.0,1.0
38.7398,58.453,1.0,1.0,1.0
37.2553,56.9582,1.0,1.0,1.0
35.9065,55.4556,1.0,1.0,1.0
34.6769,53.9484,1.0,1.0,1.0
33.5523,52.4395,1.0,1.0,1.0
32.5206,50.9313,1.0,1.0,1.0
31.5713,49.426,1.0,1.0,1.0
30.6955,47.9253,1.0,1.0,1.0
29.8852,46.4309,1.0,1.0,1.0
29.1336,44.9442,1.0,1.0,1.0
27.1759,40.5421,1.0,1.0,1.0
26.607,39.0973,1.0,1.0,1.0
162.6501,60.7636,1.0,1.0,1.0
160.9454,62.2819,1.0,1.0,1.0
159.0362,63.7832,1.0,1.0,1.0
156.8887,65.2615,1.0,1.0,1.0
154.4623,66.7095,1.0,1.0,1.0
151.7098,68.1185,1.0,1.0,1.0
148.5763,69.4775,0.16796407185628742,0.05898203592814371,0.054790419161676644
145.0,70.7731,1.0,1.0,1.0
140.9144,71.9891,1.0,1.0,1.0
111.3099,76.0752,0.8164670658682635,0.5568862275449101,0.5440119760479042
103.8141,76.3131,0.8410179640718562,0.5625748502994012,0.5580838323353293
43.1113,65.2615,1.0,1.0,1.0
40.9638,63.7832,1.0,1.0,1.0
39.0546,62.2819,1.0,1.0,1.0
37.3499,60.7636,1.0,1.0,1.0
35.821,59.2333,1.0,1.0,1.0
34.444,57.6951,1.0,1.0,1.0
33.1986,56.1525,1.0,1.0,1.0
32.0679,54.6084,1.0,1.0,1.0
31.0375,53.0653,1.0,1.0,1.0
30.0952,51.5254,1.0,1.0,1.0
29.2307,49.9906,1.0,1.0,1.0
28.4349,48.4625,1.0,1.0,1.0
27.7004,46.9425,1.0,1.0,1.0
27.0205,45.432,1.0,1.0,1.0
26.3895,43.9319,1.0,1.0,1.0
25.8025,42.4433,1.0,1.0,1.0
165.8545,61.511,1.0,1.0,1.0
164.29,63.0784,1.0,1.0,1.0
162.5256,64.6337,1.0,1.0,1.0
160.5241,66.1716,1.0,1.0,1.0
155.6197,69.1672,1.0,1.0,1.0
152.5946,70.6061,0.7251497005988023,0.4547904191616767,0.41437125748502995
149.0856,71.9891,0.7215568862275449,0.4032934131736527,0.38293413173652696
39.4759,66.1716,1.0,1.0,1.0
37.4744,64.6337,1.0,1.0,1.0
35.71,63.0784,1.0,1.0,1.0
34.1455,61.511,1.0,1.0,1.0
32.751,59.936,1.0,1.0,1.0
31.5014,58.3571,1.0,1.0,1.0
30.3764,56.7771,1.0,1.0,1.0
29.359,55.1987,1.0,1.0,1.0
28.4349,53.6241,1.0,1.0,1.0
27.5924,52.0552,1.0,1.0,1.0
26.8214,50.4935,1.0,1.0,1.0
26.1134,48.9404,1.0,1.0,1.0
25.4612,47.3973,1.0,1.0,1.0
24.8586,45.8651,1.0,1.0,1.0
24.3003,44.3448,1.0,1.0,1.0
23.7816,42.8373,1.0,1.0,1.0
23.2986,41.3433,1.0,1.0,1.0
22.8477,39.8634,1.0,1.0,1.0
170.4633,60.5542,1.0,1.0,1.0
169.2277,62.1703,1.0,1.0,1.0
167.8337,63.7832,1.0,1.0,1.0
166.2505,65.3892,1.0,1.0,1.0
164.44,66.9837,0.6532934131736527,0.4607784431137725,0.4494011976047904
159.9314,70.1139,1.0,1.0,1.0
37.646,68.5611,1.0,1.0,1.0
35.56,66.9837,1.0,1.0,1.0
32.1663,63.7832,1.0,1.0,1.0
30.7723,62.1703,1.0,1.0,1.0
29.5367,60.5542,1.0,1.0,1.0
28.4349,58.938,1.0,1.0,1.0
27.4472,57.3241,1.0,1.0,1.0
26.5571,55.7149,1.0,1.0,1.0
25.7512,54.112,1.0,1.0,1.0
25.0184,52.517,1.0,1.0,1.0
24.3493,50.9313,1.0,1.0,1.0
23.7363,49.3561,1.0,1.0,1.0
23.1726,47.7924,1.0,1.0,1.0
22.6526,46.2411,1.0,1.0,1.0
22.1715,44.7031,1.0,1.0,1.0
21.7251,43.1789,1.0,1.0,1.0
21.3099,41.6694,1.0,1.0,1.0
172.7585,62.7337,1.0,1.0,1.0
171.5651,64.3874,1.0,1.0,1.0
170.2011,66.0392,1.0,1.0,1.0
168.6294,67.6855,0.8658682634730539,0.7529940119760479,0.7598802395209581
166.8014,69.3217,1.0,1.0,1.0
33.1986,69.3217,1.0,1.0,1.0
31.3706,67.6855,1.0,1.0,1.0
29.7989,66.0392,1.0,1.0,1.0
28.4349,64.3874,1.0,1.0,1.0
27.2415,62.7337,1.0,1.0,1.0
26.1892,61.0812,1.0,1.0,1.0
25.2551,59.4322,1.0,1.0,1.0
24.4208,57.7887,1.0,1.0,1.0
23.6713,56.1525,1.0,1.0,1.0
22.9946,54.525,1.0,1.0,1.0
22.3808,52.9076,1.0,1.0,1.0
21.8215,51.3012,1.0,1.0,1.0
21.3099,49.707,1.0,1.0,1.0
20.8403,48.1256,1.0,1.0,1.0
20.4077,46.558,1.0,1.0,1.0
20.008,45.0047,1.0,1.0,1.0
19.6375,43.4664,1.0,1.0,1.0
173.0725,68.2649,0.88562874251497,0.6775449101796407,0.6547904191616767
28.4349,69.9528,1.0,1.0,1.0
26.9275,68.2649,1.0,1.0,1.0
25.6422,66.5738,1.0,1.0,1.0
23.5704,63.1944,1.0,1.0,1.0
22.7244,61.511,1.0,1.0,1.0
20.1755,54.8599,1.0,1.0,1.0
19.6888,53.2238,1.0,1.0,1.0
19.2461,51.6005,1.0,1.0,1.0
18.8418,49.9906,1.0,1.0,1.0
18.4711,48.3948,1.0,1.0,1.0
18.1301,46.8138,1.0,1.0,1.0
17.8153,45.2482,1.0,1.0,1.0
177.7352,68.7108,0.9526946107784431,0.8601796407185629,0.8727544910179641
22.2648,68.7108,1.0,1.0,1.0
21.3099,66.9837,1.0,1.0,1.0
20.4915,65.2615,1.0,1.0,1.0
19.7824,63.5459,1.0,1.0,1.0
16.953,53.4633,1.0,1.0,1.0
16.6325,51.8269,1.0,1.0,1.0
16.3402,50.2051,1.0,1.0,1.0
16.0725,48.5983,1.0,1.0,1.0
15.8263,47.0071,1.0,1.0,1.0
15.5993,45.432,1.0,1.0,1.0
15.3893,43.8733,1.0,1.0,1.0
16.8428,67.2616,0.475748502994012,0.16856287425149702,0.16437125748502995
15.9061,63.7832,1.0,1.0,1.0
15.5275,62.0591,1.0,1.0,1.0
15.1944,60.3464,1.0,1.0,1.0
14.8991,58.6459,1.0,1.0,1.0
14.6355,56.9582,1.0,1.0,1.0
14.1849,53.6241,1.0,1.0,1.0
13.9909,51.9789,1.0,1.0,1.0
13.8141,50.3489,1.0,1.0,1.0
13.6522,48.7347,1.0,1.0,1.0
13.5035,47.1366,1.0,1.0,1.0
11.8476,62.1703,1.0,1.0,1.0
11.7357,60.4501,1.0,1.0,1.0
11.6366,58.7429,1.0,1.0,1.0
11.4688,55.3697,1.0,1.0,1.0
11.3972,53.7049,1.0,1.0,1.0
11.3322,52.0552,1.0,1.0,1.0
11.273,50.4211,1.0,1.0,1.0
11.2189,48.8031,1.0,1.0,1.0
11.1691,47.2016,0.8005988023952095,0.40688622754491016,0.4808383233532934
11.1233,45.6169,0.1404191616766467,0.05059880239520958,0.06497005988023952
11.0809,44.0493,1.0,1.0,1.0
11.0416,42.4993,1.0,1.0,1.0
8.1524,62.1703,0.9700598802395209,0.8526946107784431,0.8344311377245509
8.2643,60.4501,0.5676646706586826,0.10808383233532934,0.10359281437125749
8.5312,55.3697,1.0,1.0,1.0
8.6028,53.7049,1.0,1.0,1.0
8.6678,52.0552,1.0,1.0,1.0
8.727,50.4211,1.0,1.0,1.0
8.7811,48.8031,1.0,1.0,1.0
8.9191,44.0493,1.0,1.0,1.0
-163.6598,65.5176,1.0,1.0,1.0
-163.1572,67.2616,1.0,1.0,1.0
-162.5686,69.0139,0.8293413173652695,0.7239520958083833,0.7140718562874252
4.8056,60.3464,0.9431137724550899,0.6718562874251497,0.6622754491017964
6.0091,51.9789,1.0,1.0,1.0
6.1859,50.3489,1.0,1.0,1.0
6.3478,48.7347,1.0,1.0,1.0
6.4965,47.1366,1.0,1.0,1.0
6.6335,45.5551,1.0,1.0,1.0
-159.5085,65.2615,1.0,1.0,1.0
-157.7352,68.7108,0.4158682634730539,0.4245508982035928,0.43952095808383235
-156.6075,70.4406,1.0,1.0,1.0
3.6598,50.2051,1.0,1.0,1.0
3.9275,48.5983,1.0,1.0,1.0
4.1737,47.0071,1.0,1.0,1.0
4.4007,45.432,1.0,1.0,1.0
4.6107,43.8733,1.0,1.0,1.0
-156.4296,63.1944,1.0,1.0,1.0
-155.4655,64.8827,1.0,1.0,1.0
-154.3578,66.5738,1.0,1.0,1.0
-153.0725,68.2649,0.04610778443113772,0.09281437125748503,0.08532934131736528
-151.5651,69.9528,1.0,1.0,1.0
0.3112,53.2238,1.0,1.0,1.0
0.7539,51.6005,1.0,1.0,1.0
1.1582,49.9906,1.0,1.0,1.0
1.5289,48.3948,1.0,1.0,1.0
1.8699,46.8138,1.0,1.0,1.0
2.1847,45.2482,1.0,1.0,1.0
2.4762,43.6983,1.0,1.0,1.0
-155.5792,57.7887,0.9245508982035928,0.6419161676646706,0.6488023952095808
-154.7449,59.4322,0.5931137724550898,0.37634730538922156,0.4095808383233533
-153.8108,61.0812,0.6910179640718563,0.38862275449101796,0.37335329341317364
-150.2011,66.0392,1.0,1.0,1.0
-148.6294,67.6855,0.48413173652694613,0.3341317365269461,0.29850299401197605
-146.8014,69.3217,0.11047904191616767,0.1125748502994012,0.11736526946107785
-4.4208,57.7887,1.0,1.0,1.0
-3.6713,56.1525,1.0,1.0,1.0
-2.9946,54.525,1.0,1.0,1.0
-2.3808,52.9076,1.0,1.0,1.0
-1.8215,51.3012,1.0,1.0,1.0
-0.8403,48.1256,1.0,1.0,1.0
-0.4077,46.558,1.0,1.0,1.0
-0.008,45.0047,1.0,1.0,1.0
-150.4633,60.5542,0.7125748502994012,0.09161676646706587,0.08293413173652694
-149.2277,62.1703,0.12095808383233533,0.1497005988023952,0.1377245508982036
-147.8337,63.7832,0.9634730538922156,0.7898203592814371,0.7769461077844312
-146.2505,65.3892,1.0,1.0,1.0
-144.44,66.9837,1.0,1.0,1.0
-142.354,68.5611,0.22694610778443114,0.22634730538922157,0.2218562874251497
-5.7512,54.112,1.0,1.0,1.0
-3.1726,47.7924,1.0,1.0,1.0
-145.8545,61.511,0.13053892215568863,0.30538922155688625,0.305688622754491
-142.5256,64.6337,1.0,1.0,1.0
-140.5241,66.1716,0.6362275449101796,0.31107784431137725,0.3254491017964072
-138.2405,67.6855,0.5892215568862276,0.3398203592814371,0.33622754491017964
-135.6197,69.1672,1.0,1.0,1.0
-125.0,73.2994,0.7419161676646706,0.6158682634730539,0.6251497005988024
-8.4349,53.6241,1.0,1.0,1.0
-7.5924,52.0552,1.0,1.0,1.0
-136.8887,65.2615,0.520059880239521,0.3020958083832335,0.2952095808383233
-134.4623,66.7095,0.7065868263473054,0.4559880239520958,0.437125748502994
-131.7098,68.1185,1.0,1.0,1.0
-128.5763,69.4775,1.0,1.0,1.0
-120.9144,71.9891,0.8059880239520958,0.6718562874251497,0.6790419161676646
-116.2538,73.1056,0.755688622754491,0.4934131736526946,0.48502994011976047
-135.7843,62.8481,1.0,1.0,1.0
-133.5308,64.2653,0.4227544910179641,0.25299401197604793,0.24461077844311377
-131.009,65.6469,0.35508982035928144,0.20119760479041915,0.21077844311377245
-128.1798,66.9837,1.0,1.0,1.0
-125.0,68.2649,0.7341317365269461,0.4182634730538922,0.42694610778443115
-121.4237,69.4775,0.8817365269461078,0.7212574850299401,0.7086826347305389
-117.4054,70.6061,0.26017964071856287,0.16227544910179642,0.1592814371257485
-112.9052,71.6329,0.767065868263473,0.5649700598802395,0.5568862275449101
-107.8973,72.5379,0.951497005988024,0.8134730538922156,0.811377245508982
-136.7683,59.0361,0.9997005988023953,0.755688622754491,0.7796407185628742
-134.8658,60.4501,0.30359281437125746,0.08203592814371258,0.09011976047904191
-132.7652,61.8384,1.0,1.0,1.0
-130.4403,63.1944,0.35718562874251497,0.21736526946107784,0.20508982035928144
-127.8624,64.5102,0.11107784431137725,0.07574850299401198,0.07395209580838323
-125.0,65.7769,1.0,1.0,1.0
-121.8202,66.9837,1.0,1.0,1.0
-118.2902,68.1185,1.0,1.0,1.0
-114.3803,69.1672,0.6805389221556887,0.4278443113772455,0.4341317365269461
-110.0686,70.1139,0.9104790419161677,0.7167664670658682,0.7200598802395209
-105.3462,70.9418,0.661377245508982,0.551497005988024,0.5550898203592814
-134.0903,58.0713,0.3,0.08832335329341318,0.06916167664670658
-129.9697,60.7636,1.0,1.0,1.0
-127.6026,62.0591,0.3161676646706587,0.18353293413173652,0.17964071856287425
-125.0,63.3109,0.49011976047904193,0.19011976047904192,0.18682634730538922
-122.1376,64.5102,1.0,1.0,1.0
-118.991,65.6469,1.0,1.0,1.0
-115.5377,66.7095,1.0,1.0,1.0
-111.7595,67.6855,1.0,1.0,1.0
-107.646,68.5611,0.8769461077844312,0.5664670658682635,0.5577844311377246
-103.1986,69.3217,0.7413173652694611,0.49670658682634733,0.5245508982035928
-93.3925,70.4406,0.46407185628742514,0.42604790419161676,0.4176646706586826
-88.1301,70.7731,0.7703592814371257,0.7461077844311377,0.7473053892215569
-133.427,55.7149,0.05808383233532934,0.25479041916167666,0.25389221556886227
-131.5819,57.0492,0.6844311377245509,0.7122754491017964,0.6221556886227545
-129.5739,58.3571,0.6281437125748504,0.5158682634730539,0.5182634730538922
-125.0,60.869,0.47095808383233534,0.21347305389221558,0.1967065868263473
-122.3974,62.0591,1.0,1.0,1.0
-119.5597,63.1944,1.0,1.0,1.0
-116.4692,64.2653,1.0,1.0,1.0
-113.1113,65.2615,1.0,1.0,1.0
-109.4759,66.1716,0.5452095808383234,0.31646706586826345,0.3149700598802395
-105.56,66.9837,0.5071856287425149,0.27095808383233533,0.30419161676646705
-101.3706,67.6855,0.9101796407185628,0.6856287425149701,0.6766467065868264
-96.9275,68.2649,0.36437125748502996,0.1937125748502994,0.18353293413173652
-92.2648,68.7108,0.24610778443113773,0.2278443113772455,0.23263473053892217
-82.4896,69.1672,0.5553892215568862,0.4437125748502994,0.4544910179640719
-129.2364,55.9766,0.04431137724550898,0.4718562874251497,0.47065868263473054
-127.2026,57.2322,0.36736526946107784,0.18353293413173652,0.1661676646706587
-125.0,58.453,0.8335329341317366,0.5508982035928144,0.5266467065868263
-122.6141,59.6325,1.0,1.0,1.0
-120.0303,60.7636,1.0,1.0,1.0
-117.2348,61.8384,1.0,1.0,1.0
-114.2157,62.8481,1.0,1.0,1.0
-110.9638,63.7832,1.0,1.0,1.0
-107.4744,64.6337,1.0,1.0,1.0
-103.7495,65.3892,1.0,1.0,1.0
-99.7989,66.0392,1.0,1.0,1.0
-95.6422,66.5738,0.37065868263473056,0.16766467065868262,0.16976047904191616
-91.3099,66.9837,0.3374251497005988,0.2562874251497006,0.28023952095808385
-86.8428,67.2616,0.5377245508982036,0.3838323353293413,0.38083832335329343
-82.2906,67.4019,0.7374251497005988,0.48982035928143713,0.5023952095808383
-128.9452,53.6241,0.9916167664670659,0.7335329341317365,0.7505988023952096
-122.7974,57.2322,1.0,1.0,1.0
-120.4261,58.3571,1.0,1.0,1.0
-117.875,59.4322,1.0,1.0,1.0
-115.1342,60.4501,1.0,1.0,1.0
-112.1957,61.4029,1.0,1.0,1.0
-109.0546,62.2819,1.0,1.0,1.0
-105.71,63.0784,1.0,1.0,1.0
-102.1663,63.7832,1.0,1.0,1.0
-98.4349,64.3874,1.0,1.0,1.0
-94.5345,64.8827,0.5164670658682635,0.16826347305389222,0.16467065868263472
-90.4915,65.2615,0.19790419161676648,0.06526946107784432,0.07125748502994012
-86.3402,65.5176,0.3712574850299401,0.17305389221556886,0.18293413173652695
-126.9092,52.517,0.4359281437125748,0.6538922155688622,0.6751497005988024
-120.7636,55.9766,1.0,1.0,1.0
-118.4181,57.0492,1.0,1.0,1.0
-115.9097,58.0713,1.0,1.0,1.0
-113.2317,59.0361,1.0,1.0,1.0
-110.3791,59.936,1.0,1.0,1.0
-107.3499,60.7636,1.0,1.0,1.0
-104.1455,61.511,1.0,1.0,1.0
-100.7723,62.1703,1.0,1.0,1.0
-97.2415,62.7337,1.0,1.0,1.0
-93.5704,63.1944,1.0,1.0,1.0
-126.7899,50.2051,1.0,1.0,1.0
-125.0,51.3757,1.0,1.0,1.0
-123.0908,52.517,1.0,1.0,1.0
-121.0548,53.6241,0.5859281437125748,0.25808383233532933,0.26437125748502993
-118.8845,54.6919,1.0,1.0,1.0
-116.573,55.7149,1.0,1.0,1.0
-114.1145,56.687,1.0,1.0,1.0
-111.5043,57.6019,1.0,1.0,1.0
-108.7398,58.453,1.0,1.0,1.0
-105.821,59.2333,1.0,1.0,1.0
-102.751,59.936,1.0,1.0,1.0
-99.5367,60.5542,1.0,1.0,1.0
-96.1892,61.0812,1.0,1.0,1.0
-74.4725,62.0591,1.0,1.0,1.0
-125.0,49.0784,1.0,1.0,1.0
-123.2101,50.2051,0.5092814371257485,0.724251497005988,0.6964071856287425
-121.3086,51.3012,1.0,1.0,1.0
-119.2894,52.3622,0.8733532934131737,0.6844311377245509,0.6823353293413174
-117.1467,53.3833,1.0,1.0,1.0
-114.8753,54.3591,1.0,1.0,1.0
-112.4712,55.2841,1.0,1.0,1.0
-109.9315,56.1525,1.0,1.0,1.0
-107.2553,56.9582,1.0,1.0,1.0
-104.444,57.6951,1.0,1.0,1.0
-101.5014,58.3571,1.0,1.0,1.0
-98.4349,58.938,1.0,1.0,1.0
-95.2551,59.4322,1.0,1.0,1.0
-74.8056,60.3464,1.0,1.0,1.0
-71.3844,60.1404,1.0,1.0,1.0
-64.7449,59.4322,1.0,1.0,1.0
-123.3153,47.9253,1.0,1.0,1.0
-121.5318,49.0093,0.824251497005988,0.45209580838323354,0.461377245508982
-119.6442,50.0619,1.0,1.0,1.0
-117.6476,51.0787,0.9110778443113773,0.7167664670658682,0.7263473053892215
-115.5377,52.0552,1.0,1.0,1.0
-113.3106,52.9863,1.0,1.0,1.0
-110.9638,53.867,1.0,1.0,1.0
-108.4956,54.6919,1.0,1.0,1.0
-105.9065,55.4556,1.0,1.0,1.0
-103.1986,56.1525,1.0,1.0,1.0
-100.3764,56.7771,1.0,1.0,1.0
-97.4472,57.3241,1.0,1.0,1.0
-94.4208,57.7887,1.0,1.0,1.0
-75.1009,58.6459,1.0,1.0,1.0
-71.8699,58.453,1.0,1.0,1.0
-68.6901,58.1662,1.0,1.0,1.0
-65.5792,57.7887,1.0,1.0,1.0
-62.5528,57.3241,1.0,1.0,1.0
-123.4089,45.6787,1.0,1.0,1.0
-121.7295,46.7497,1.0,1.0,1.0
-119.9575,47.7924,1.0,1.0,1.0
-118.0888,48.8031,1.0,1.0,1.0
-114.0459,50.7116,1.0,1.0,1.0
-111.866,51.6005,1.0,1.0,1.0
-109.5778,52.4395,1.0,1.0,1.0
-107.1811,53.2238,1.0,1.0,1.0
-104.6769,53.9484,1.0,1.0,1.0
-102.0679,54.6084,1.0,1.0,1.0
-99.359,55.1987,1.0,1.0,1.0
-96.5571,55.7149,1.0,1.0,1.0
-93.6713,56.1525,1.0,1.0,1.0
-90.7131,56.5077,1.0,1.0,1.0
-75.3645,56.9582,1.0,1.0,1.0
-72.3039,56.7771,1.0,1.0,1.0
-69.2869,56.5077,1.0,1.0,1.0
-66.3287,56.1525,1.0,1.0,1.0
-63.4429,55.7149,1.0,1.0,1.0
-60.641,55.1987,1.0,1.0,1.0
-57.9321,54.6084,1.0,1.0,1.0
-123.4926,43.4664,1.0,1.0,1.0
-121.9059,44.5234,1.0,1.0,1.0
-120.2364,45.5551,1.0,1.0,1.0
-118.4802,46.558,1.0,1.0,1.0
-116.6341,47.5284,1.0,1.0,1.0
-114.6952,48.4625,1.0,1.0,1.0
-112.6609,49.3561,1.0,1.0,1.0
-110.5297,50.2051,1.0,1.0,1.0
-108.3008,51.0049,1.0,1.0,1.0
-105.9744,51.7513,1.0,1.0,1.0
-103.5523,52.4395,1.0,1.0,1.0
-101.0375,53.0653,1.0,1.0,1.0
-95.7512,54.112,1.0,1.0,1.0
-92.9946,54.525,1.0,1.0,1.0
-90.1755,54.8599,1.0,1.0,1.0
-87.3058,55.1136,1.0,1.0,1.0
-84.3987,55.2841,1.0,1.0,1.0
-78.5312,55.3697,1.0,1.0,1.0
-75.6013,55.2841,1.0,1.0,1.0
-72.6942,55.1136,1.0,1.0,1.0
-69.8245,54.8599,1.0,1.0,1.0
-67.0054,54.525,1.0,1.0,1.0
-64.2488,54.112,1.0,1.0,1.0
-61.5651,53.6241,1.0,1.0,1.0
-58.9625,53.0653,1.0,1.0,1.0
-56.4477,52.4395,1.0,1.0,1.0
-120.486,43.3511,1.0,1.0,1.0
-118.8298,44.3448,1.0,1.0,1.0
-117.0928,45.3093,1.0,1.0,1.0
-115.2724,46.2411,1.0,1.0,1.0
-113.3664,47.1366,1.0,1.0,1.0
-111.373,47.9919,1.0,1.0,1.0
-109.2914,48.8031,1.0,1.0,1.0
-107.1213,49.5661,1.0,1.0,1.0
-104.8637,50.2769,1.0,1.0,1.0
-102.5206,50.9313,1.0,1.0,1.0
-100.0952,51.5254,1.0,1.0,1.0
-97.5924,52.0552,1.0,1.0,1.0
-95.0184,52.517,1.0,1.0,1.0
-92.3808,52.9076,1.0,1.0,1.0
-89.6888,53.2238,1.0,1.0,1.0
-86.953,53.4633,1.0,1.0,1.0
-84.1849,53.6241,1.0,1.0,1.0
-78.6028,53.7049,1.0,1.0,1.0
-75.8151,53.6241,1.0,1.0,1.0
-73.047,53.4633,1.0,1.0,1.0
-70.3112,53.2238,1.0,1.0,1.0
-67.6192,52.9076,1.0,1.0,1.0
-64.9816,52.517,1.0,1.0,1.0
-62.4076,52.0552,1.0,1.0,1.0
-59.9048,51.5254,1.0,1.0,1.0
-57.4794,50.9313,1.0,1.0,1.0
-122.2073,40.1749,1.0,1.0,1.0
-120.7108,41.1814,1.0,1.0,1.0
-119.144,42.1647,1.0,1.0,1.0
-117.5041,43.1217,1.0,1.0,1.0
-113.9965,44.9442,1.0,1.0,1.0
-112.125,45.8028,1.0,1.0,1.0
-110.1735,46.6218,1.0,1.0,1.0
-108.1416,47.3973,1.0,1.0,1.0
-106.0296,48.1256,1.0,1.0,1.0
-103.8387,48.8031,1.0,1.0,1.0
-101.5713,49.426,1.0,1.0,1.0
-99.2307,49.9906,1.0,1.0,1.0
-96.8214,50.4935,1.0,1.0,1.0
-94.3493,50.9313,1.0,1.0,1.0
-91.8215,51.3012,1.0,1.0,1.0
-89.2461,51.6005,1.0,1.0,1.0
-86.6325,51.8269,1.0,1.0,1.0
-83.9909,51.9789,1.0,1.0,1.0
-81.3322,52.0552,1.0,1.0,1.0
-78.6678,52.0552,1.0,1.0,1.0
-76.0091,51.9789,1.0,1.0,1.0
-73.3675,51.8269,1.0,1.0,1.0
-70.7539,51.6005,1.0,1.0,1.0
-68.1785,51.3012,1.0,1.0,1.0
-65.6507,50.9313,1.0,1.0,1.0
-63.1786,50.4935,1.0,1.0,1.0
-120.9144,39.0469,1.0,1.0,1.0
-119.4278,40.0187,1.0,1.0,1.0
-117.875,40.9669,1.0,1.0,1.0
-116.2538,41.8886,1.0,1.0,1.0
-114.5625,42.7807,1.0,1.0,1.0
-112.7995,43.6402,1.0,1.0,1.0
-110.9638,44.4638,1.0,1.0,1.0
-109.0546,45.2482,1.0,1.0,1.0
-107.0721,45.9899,1.0,1.0,1.0
-105.0169,46.6857,1.0,1.0,1.0
-102.8906,47.3319,1.0,1.0,1.0
-100.6955,47.9253,1.0,1.0,1.0
-98.4349,48.4625,1.0,1.0,1.0
-96.1134,48.9404,1.0,1.0,1.0
-93.7363,49.3561,1.0,1.0,1.0
-91.3099,49.707,1.0,1.0,1.0
-88.8418,49.9906,1.0,1.0,1.0
-86.3402,50.2051,1.0,1.0,1.0
-83.8141,50.3489,1.0,1.0,1.0
-81.273,50.4211,1.0,1.0,1.0
-78.727,50.4211,1.0,1.0,1.0
-76.1859,50.3489,1.0,1.0,1.0
-73.6598,50.2051,1.0,1.0,1.0
-71.1582,49.9906,1.0,1.0,1.0
-68.6901,49.707,1.0,1.0,1.0
-119.6855,37.9077,0.012874251497005988,0.15179640718562873,0.17425149700598802
-118.211,38.8459,1.0,1.0,1.0
-116.6743,39.7602,1.0,1.0,1.0
-115.0738,40.6478,1.0,1.0,1.0
-113.4078,41.5059,1.0,1.0,1.0
-111.6755,42.3316,1.0,1.0,1.0
-109.876,43.1217,1.0,1.0,1.0
-108.0092,43.8733,1.0,1.0,1.0
-106.0754,44.5832,1.0,1.0,1.0
-104.0755,45.2482,1.0,1.0,1.0
-102.0113,45.8651,1.0,1.0,1.0
-99.8852,46.4309,1.0,1.0,1.0
-97.7004,46.9425,1.0,1.0,1.0
-95.4612,47.3973,1.0,1.0,1.0
-93.1726,47.7924,1.0,1.0,1.0
-90.8403,48.1256,1.0,1.0,1.0
-88.4711,48.3948,1.0,1.0,1.0
-86.0725,48.5983,1.0,1.0,1.0
-83.6522,48.7347,1.0,1.0,1.0
-81.2189,48.8031,1.0,1.0,1.0
-78.7811,48.8031,1.0,1.0,1.0
-76.3478,48.7347,1.0,1.0,1.0
-73.9275,48.5983,1.0,1.0,1.0
-71.5289,48.3948,1.0,1.0,1.0
-69.1597,48.1256,1.0,1.0,1.0
-66.8274,47.7924,1.0,1.0,1.0
-117.0565,37.6652,1.0,1.0,1.0
-115.5377,38.5467,1.0,1.0,1.0
-113.9591,39.4016,1.0,1.0,1.0
-112.3196,40.2271,1.0,1.0,1.0
-110.6186,41.0204,1.0,1.0,1.0
-108.8557,41.7788,1.0,1.0,1.0
-107.0309,42.4993,1.0,1.0,1.0
-105.1448,43.1789,1.0,1.0,1.0
-103.1986,43.8149,1.0,1.0,1.0
-101.1941,44.4042,1.0,1.0,1.0
-99.1336,44.9442,1.0,1.0,1.0
-97.0205,45.432,1.0,1.0,1.0
-94.8586,45.8651,1.0,1.0,1.0
-92.6526,46.2411,1.0,1.0,1.0
-90.4077,46.558,1.0,1.0,1.0
-88.1301,46.8138,1.0,1.0,1.0
-83.5035,47.1366,1.0,1.0,1.0
-81.1691,47.2016,1.0,1.0,1.0
-78.8309,47.2016,1.0,1.0,1.0
-76.4965,47.1366,1.0,1.0,1.0
-74.1737,47.0071,1.0,1.0,1.0
-71.8699,46.8138,1.0,1.0,1.0
-69.5923,46.558,1.0,1.0,1.0
-67.3474,46.2411,1.0,1.0,1.0
-65.1414,45.8651,1.0,1.0,1.0
-62.9795,45.432,1.0,1.0,1.0
-115.9605,36.4786,1.0,1.0,1.0
-114.4608,37.3286,1.0,1.0,1.0
-112.9052,38.152,1.0,1.0,1.0
-111.293,38.9462,1.0,1.0,1.0
-109.6237,39.7087,1.0,1.0,1.0
-107.8973,40.4368,1.0,1.0,1.0
-106.1139,41.1277,1.0,1.0,1.0
-104.2744,41.7788,1.0,1.0,1.0
-102.3801,42.3874,1.0,1.0,1.0
-100.4328,42.9508,1.0,1.0,1.0
-98.4349,43.4664,1.0,1.0,1.0
-96.3895,43.9319,1.0,1.0,1.0
-94.3003,44.3448,1.0,1.0,1.0
-92.1715,44.7031,1.0,1.0,1.0
-90.008,45.0047,1.0,1.0,1.0
-87.8153,45.2482,1.0,1.0,1.0
-81.1233,45.6169,1.0,1.0,1.0
-78.8767,45.6169,1.0,1.0,1.0
-76.6335,45.5551,1.0,1.0,1.0
-74.4007,45.432,1.0,1.0,1.0
-72.1847,45.2482,1.0,1.0,1.0
-69.992,45.0047,1.0,1.0,1.0
-67.8285,44.7031,1.0,1.0,1.0
-65.6997,44.3448,1.0,1.0,1.0
-113.4399,36.1078,1.0,1.0,1.0
-111.9081,36.9009,1.0,1.0,1.0
-110.3236,37.6652,1.0,1.0,1.0
-108.6861,38.3982,1.0,1.0,1.0
-106.9958,39.0973,1.0,1.0,1.0
-105.2532,39.7602,1.0,1.0,1.0
-103.459,40.3842,1.0,1.0,1.0
-101.6148,40.9669,1.0,1.0,1.0
-99.7223,41.5059,1.0,1.0,1.0
-97.7839,41.9988,1.0,1.0,1.0
-95.8025,42.4433,1.0,1.0,1.0
-93.7816,42.8373,1.0,1.0,1.0
-91.7251,43.1789,1.0,1.0,1.0
-89.6375,43.4664,1.0,1.0,1.0
-85.3893,43.8733,1.0,1.0,1.0
-83.2397,43.9906,1.0,1.0,1.0
-81.0809,44.0493,1.0,1.0,1.0
-78.9191,44.0493,1.0,1.0,1.0
-76.7603,43.9906,1.0,1.0,1.0
-74.6107,43.8733,1.0,1.0,1.0
-72.4762,43.6983,1.0,1.0,1.0
-70.3625,43.4664,1.0,1.0,1.0
-112.4712,34.8858,1.0,1.0,1.0
-110.9638,35.6499,1.0,1.0,1.0
-109.4072,36.3855,1.0,1.0,1.0
-107.8015,37.0903,1.0,1.0,1.0
-106.1468,37.762,1.0,1.0,1.0
-104.444,38.3982,1.0,1.0,1.0
-102.6938,38.9965,1.0,1.0,1.0
-100.8978,39.5548,1.0,1.0,1.0
-99.0577,40.0707,1.0,1.0,1.0
-97.1759,40.5421,1.0,1.0,1.0
-95.2551,40.9669,1.0,1.0,1.0
-93.2986,41.3433,1.0,1.0,1.0
-91.3099,41.6694,1.0,1.0,1.0
-89.2933,41.9436,1.0,1.0,1.0
-85.1944,42.3316,1.0,1.0,1.0
-83.1221,42.4433,1.0,1.0,1.0
-81.0416,42.4993,1.0,1.0,1.0
-78.9584,42.4993,1.0,1.0,1.0
-76.8779,42.4433,1.0,1.0,1.0
-74.8056,42.3316,1.0,1.0,1.0
-72.7468,42.1647,1.0,1.0,1.0
-110.0686,34.4006,1.0,1.0,1.0
-108.54,35.1087,1.0,1.0,1.0
-106.9657,35.7866,1.0,1.0,1.0
-105.3462,36.432,1.0,1.0,1.0
-103.6821,37.0429,1.0,1.0,1.0
-101.9745,37.6169,1.0,1.0,1.0
-100.2249,38.152,1.0,1.0,1.0
-98.4349,38.6462,1.0,1.0,1.0
-96.607,39.0973,1.0,1.0,1.0
-94.7436,39.5036,1.0,1.0,1.0
-92.8477,39.8634,1.0,1.0,1.0
-90.9228,40.1749,1.0,1.0,1.0
-88.9726,40.4368,1.0,1.0,1.0
-87.0013,40.6478,1.0,1.0,1.0
-85.0131,40.807,1.0,1.0,1.0
-83.0128,40.9135,1.0,1.0,1.0
-81.0051,40.9669,1.0,1.0,1.0
-78.9949,40.9669,1.0,1.0,1.0
-76.9872,40.9135,1.0,1.0,1.0
-74.9869,40.807,1.0,1.0,1.0
-72.9987,40.6478,1.0,1.0,1.0
-109.2192,33.1542,1.0,1.0,1.0
-107.7185,33.8361,1.0,1.0,1.0
-106.1753,34.4883,1.0,1.0,1.0
-104.5901,35.1087,1.0,1.0,1.0
-102.9638,35.6954,1.0,1.0,1.0
-101.2974,36.2463,1.0,1.0,1.0
-99.5923,36.7595,1.0,1.0,1.0
-97.8503,37.2331,1.0,1.0,1.0
-96.0736,37.6652,1.0,1.0,1.0
-94.2645,38.0541,1.0,1.0,1.0
-92.4259,38.3982,1.0,1.0,1.0
-90.561,38.696,1.0,1.0,1.0
-88.6732,38.9462,1.0,1.0,1.0
-86.7662,39.1478,1.0,1.0,1.0
-84.844,39.2999,1.0,1.0,1.0
-82.9108,39.4016,1.0,1.0,1.0
-80.971,39.4526,1.0,1.0,1.0
-79.029,39.4526,1.0,1.0,1.0
-77.0892,39.4016,1.0,1.0,1.0
-75.156,39.2999,1.0,1.0,1.0
-108.4127,31.9121,1.0,1.0,1.0
-106.9395,32.5688,1.0,1.0,1.0
-105.4269,33.1964,1.0,1.0,1.0
-103.8753,33.7931,1.0,1.0,1.0
-102.2856,34.3568,1.0,1.0,1.0
-100.6589,34.8858,1.0,1.0,1.0
-98.9967,35.3782,1.0,1.0,1.0
-97.3005,35.8323,1.0,1.0,1.0
-95.5725,36.2463,1.0,1.0,1.0
-93.815,36.6188,1.0,1.0,1.0
-92.0306,36.9482,1.0,1.0,1.0
-90.2222,37.2331,1.0,1.0,1.0
-88.3929,37.4725,1.0,1.0,1.0
-86.5463,37.6652,1.0,1.0,1.0
-84.6859,37.8105,1.0,1.0,1.0
-82.8156,37.9077,1.0,1.0,1.0
-80.9392,37.9564,1.0,1.0,1.0
-79.0608,37.9564,1.0,1.0,1.0
-77.1844,37.9077,1.0,1.0,1.0
-104.7174,31.9121,1.0,1.0,1.0
-103.1986,32.486,1.0,1.0,1.0
-101.6444,33.0279,1.0,1.0,1.0
-100.0561,33.536,1.0,1.0,1.0
-96.7826,34.4444,1.0,1.0,1.0
-95.1011,34.8414,1.0,1.0,1.0
-93.3925,35.1983,1.0,1.0,1.0
-91.6593,35.5138,1.0,1.0,1.0
-89.9042,35.7866,1.0,1.0,1.0
-88.1301,36.0157,1.0,1.0,1.0
-86.3402,36.2001,1.0,1.0,1.0
-84.5378,36.3391,1.0,1.0,1.0
-82.7263,36.432,1.0,1.0,1.0
-80.9094,36.4786,1.0,1.0,1.0
-79.0906,36.4786,1.0,1.0,1.0
-77.2737,36.432,1.0,1.0,1.0
-87.8831,34.5762,1.0,1.0,1.0
-82.6425,34.9748,1.0,1.0,1.0
