"","lat","long","elev"
"1",26.658,99.2559,2547.3
"2",27.9682,102.2906,2093.7
"3",28.0043,100.7639,3727.3
"4",28.0043,99.2361,2860.5
"5",29.332,102.3533,2713.2
"6",29.3696,100.7848,3742.5
"7",29.3696,99.2152,4193.4
"8",29.332,97.6467,5256.7
"9",29.2568,96.0818,4052.1
"10",29.1444,94.5226,3438.1
"11",28.9951,92.9716,4132.7
"12",28.8094,91.4309,4676.2
"13",30.6363,104.0283,498.4
"14",30.7146,97.5805,4010.6
"15",30.6363,95.9717,4443.8
"16",30.1701,91.1932,4325.6
"17",29.9394,89.6242,5117.6
"18",29.6723,88.0707,5233.7
"19",29.3696,86.5348,5198.9
"20",28.6616,83.5231,4105
"21",31.0298,112.2648,63.3
"22",31.308,110.6698,252.2
"23",31.5483,109.0579,2075.5
"24",31.7499,107.4314,642.4
"25",32.0343,104.1446,1296.4
"26",32.1569,100.8303,4285.1
"27",32.0343,95.8554,4710.5
"28",31.7499,92.5686,4921.9
"29",31.5483,90.9421,4574.6
"30",31.308,89.3302,5339.6
"31",31.0298,87.7352,5083.4
"32",30.7146,86.1593,4683.8
"33",30.3635,84.6045,5812.5
"34",29.9778,83.0725,4614.2
"35",29.5585,81.5651,3958.1
"36",30.8718,118.9465,85.4
"37",31.308,117.4027,19.8
"38",31.7095,115.8324,239.2
"39",32.0751,114.2373,83.2
"40",32.4034,112.6193,95.9
"41",32.6934,110.9807,307.7
"42",32.944,109.3236,806.1
"43",33.1542,107.6507,579.1
"44",33.3234,105.9645,1136
"45",33.4508,104.2679,3089.8
"46",33.536,102.5638,3493
"47",33.5787,100.8551,4013.2
"48",33.536,97.4362,4642.8
"49",33.3234,94.0355,4989.4
"50",33.1542,92.3493,5484.8
"51",32.944,90.6764,5121.6
"52",32.6934,89.0193,4957.8
"53",32.4034,87.3807,4999
"54",32.0751,85.7627,5136.8
"55",31.7095,84.1676,4910.3
"56",31.308,82.5973,4921.6
"57",32.6518,117.9044,28.3
"58",33.07,116.294,31
"59",33.4508,114.6568,45.9
"60",33.7931,112.9946,137.4
"61",34.0954,111.3099,1307.8
"62",34.3568,109.6052,655.5
"63",34.5762,107.8831,1375.2
"64",34.9748,102.6425,3536.2
"65",35.0194,100.8814,3975.4
"66",34.9748,97.3575,4291
"67",34.8858,95.6013,4553.2
"68",34.7528,93.8534,4433
"69",34.5762,92.1169,4665.5
"70",34.0954,88.6901,5215
"71",33.7931,87.0054,4864.9
"72",33.4508,85.3432,5553.7
"73",33.07,83.706,4781.8
"74",32.6518,82.0956,4374.5
"75",32.1978,80.5139,4964.3
"76",30.6363,75.9558,251.3
"77",34.0087,118.4349,19.9
"78",34.4444,116.7826,46.7
"79",34.8414,115.1011,70
"80",35.1983,113.3925,87
"81",35.5138,111.6593,740.2
"82",35.7866,109.9042,1529.2
"83",36.432,102.7263,2388.1
"84",36.4786,100.9094,3264.8
"85",36.4786,99.0906,3582.5
"86",36.432,97.2737,2773.2
"87",36.2001,93.6598,4522.7
"88",36.0157,91.8699,5119.9
"89",35.5138,88.3407,4844.7
"90",35.1983,86.6075,5211.7
"91",34.8414,84.8989,5194.8
"92",34.4444,83.2174,5338.2
"93",34.0087,81.5651,4885.9
"94",33.536,79.9439,4375.8
"95",31.9121,75.2826,253.2
"96",35.3782,118.9967,130.1
"97",35.8323,117.3005,140
"98",36.2463,115.5725,42.6
"99",36.6188,113.815,815.6
"100",36.9482,112.0306,1509.6
"101",37.2331,110.2222,1100.1
"102",37.4725,108.3929,1581.4
"103",37.6652,106.5463,1306.6
"104",37.8105,104.6859,1518
"105",37.9077,102.8156,1525.5
"106",37.9564,100.9392,3409.8
"107",37.9564,99.0608,4151.8
"108",37.8105,95.3141,3151.8
"109",37.6652,93.4537,2683.9
"110",37.4725,91.6071,4024.2
"111",37.2331,89.7778,4055.1
"112",36.9482,87.9694,4589.4
"113",36.6188,86.185,4804
"114",36.2463,84.4275,4817.3
"115",35.3782,81.0033,6101.9
"116",34.3568,77.7144,5584.7
"117",33.7931,76.1247,5079.9
"118",33.1964,74.5731,1000.3
"119",32.5688,73.0605,196
"120",36.7595,119.5923,14.1
"121",37.2331,117.8503,11.2
"122",37.6652,116.0736,21
"123",38.0541,114.2645,224.8
"124",38.3982,112.4259,1163
"125",38.696,110.561,1029.1
"126",38.9462,108.6732,1393.9
"127",39.1478,106.7662,1089
"128",39.2999,104.844,1227.8
"129",39.4016,102.9108,1247.1
"130",39.4526,100.971,1681.3
"131",39.4526,99.029,1518
"132",39.4016,97.0892,3224.9
"133",39.2999,95.156,4316.1
"134",39.1478,93.2338,3738.5
"135",38.9462,91.3268,3691.1
"136",38.696,89.439,3550.4
"137",38.3982,87.5741,1583.4
"138",38.0541,85.7355,1349.2
"139",37.6652,83.9264,1337.4
"140",37.2331,82.1497,1428.4
"141",35.6954,77.0362,5108.8
"142",34.4883,73.8247,1482.9
"143",33.8361,72.2815,318.4
"144",32.4447,69.3227,2642.2
"145",31.7095,67.9074,2082.2
"146",35.1087,128.54,20.7
"147",35.7866,126.9657,20.1
"148",39.0973,116.607,4.9
"149",39.5036,114.7436,1233.1
"150",39.8634,112.8477,1538.1
"151",40.1749,110.9228,1067
"152",40.4368,108.9726,1098.8
"153",40.6478,107.0013,1039.1
"154",40.807,105.0131,1321
"155",40.9135,103.0128,1488.3
"156",40.9669,101.0051,1013.7
"157",40.9669,98.9949,1517.4
"158",40.9135,96.9872,1765
"159",40.807,94.9869,1373.9
"160",40.6478,92.9987,961.9
"161",40.4368,91.0274,790.8
"162",40.1749,89.0772,814.5
"163",39.8634,87.1523,859.7
"164",39.5036,85.2564,1008.1
"165",39.0973,83.393,1101.5
"166",38.6462,81.5651,1162.4
"167",38.152,79.7751,1230.2
"168",37.6169,78.0255,1515.5
"169",35.1087,71.46,2770.4
"170",33.6643,68.4486,2332.4
"171",32.9021,67.0115,3086.1
"172",34.0954,133.9298,500.9
"173",36.3855,129.4072,0
"174",37.0903,127.8015,73.2
"175",37.762,126.1468,17.9
"176",40.0707,119.0577,117
"177",40.5421,117.1759,270.6
"178",40.9669,115.2551,1353.5
"179",41.3433,113.2986,1466
"180",41.6694,111.3099,1471.4
"181",41.9436,109.2933,1496.2
"182",42.1647,107.2532,1147.1
"183",42.3316,105.1944,1138.4
"184",42.4433,103.1221,1311.3
"185",42.4993,101.0416,919.6
"186",42.4993,98.9584,1025.5
"187",42.4433,96.8779,1472.1
"188",42.3316,94.8056,951.4
"189",42.1647,92.7468,452
"190",41.9436,90.7067,1303
"191",41.6694,88.6901,1562.4
"192",41.3433,86.7014,875.1
"193",40.9669,84.7449,917.5
"194",40.5421,82.8241,968
"195",40.0707,80.9423,1051.2
"196",39.5548,79.1022,1120
"197",38.9965,77.3062,1180.2
"198",34.8858,67.5288,3186.8
"199",34.0954,66.0702,2770.2
"200",33.281,64.6599,2990.7
"201",32.4447,63.2971,1036
"202",35.2881,134.9194,390.4
"203",39.0973,126.9958,488.7
"204",39.7602,125.2532,94.3
"205",40.3842,123.459,157.1
"206",40.9669,121.6148,4.8
"207",41.5059,119.7223,513.5
"208",41.9988,117.7839,1092.4
"209",42.4433,115.8025,1412.7
"210",42.8373,113.7816,1049.8
"211",43.1789,111.7251,1005
"212",43.4664,109.6375,1017
"213",43.6983,107.5238,1029.6
"214",43.8733,105.3893,1417.7
"215",43.9906,103.2397,1513
"216",44.0493,101.0809,1212.5
"217",44.0493,98.9191,1378.8
"218",43.9906,96.7603,1179.8
"219",43.8733,94.6107,341.5
"220",43.6983,92.4762,1825.1
"221",43.4664,90.3625,2822.9
"222",43.1789,88.2749,1528.9
"223",42.8373,86.2184,3105.4
"224",42.4433,84.1975,3782.4
"225",41.9988,82.2161,1744.4
"226",41.5059,80.2777,1744.7
"227",40.9669,78.3852,2302.3
"228",40.3842,76.541,3596.1
"229",37.6652,69.6764,561.7
"230",35.2881,65.0806,2866.2
"231",34.4444,63.6525,3091.2
"232",33.5787,62.275,1373.7
"233",29.9394,57.2457,2828.5
"234",41.7788,124.2744,378.9
"235",42.3874,122.3801,102.7
"236",42.9508,120.4328,367
"237",43.4664,118.4349,725.6
"238",43.9319,116.3895,1187.3
"239",44.3448,114.3003,1087.9
"240",44.7031,112.1715,1116.7
"241",45.0047,110.008,947.1
"242",45.2482,107.8153,1052.5
"243",45.432,105.5993,1413.2
"244",45.5551,103.3665,1456.9
"245",45.6169,101.1233,1750.9
"246",45.6169,98.8767,1335.9
"247",45.5551,96.6335,2578
"248",45.432,94.4007,1670.7
"249",45.2482,92.1847,1518.5
"250",45.0047,89.992,1035.8
"251",44.7031,87.8285,478.1
"252",44.3448,85.6997,475
"253",43.9319,83.6105,3768.1
"254",42.3874,77.6199,1602
"255",41.7788,75.7256,3009.7
"256",38.9462,68.707,2755.3
"257",37.3286,65.5392,260.8
"258",36.4786,64.0395,803.7
"259",35.6045,62.5946,559.8
"260",34.7085,61.2034,761
"261",33.7931,59.8645,1330.6
"262",32.8602,58.5763,1204.9
"263",30.9507,56.1458,1495.1
"264",29.9778,55,1718
"265",28.9951,53.8983,1538.1
"266",41.7788,128.8557,1024.3
"267",42.4993,127.0309,574.1
"268",43.1789,125.1448,338.5
"269",43.8149,123.1986,150
"270",44.4042,121.1941,217.1
"271",44.9442,119.1336,1195.5
"272",45.432,117.0205,825.8
"273",45.8651,114.8586,1152
"274",46.2411,112.6526,967
"275",46.558,110.4077,1349.3
"276",46.8138,108.1301,1315.1
"277",47.0071,105.8263,1202.5
"278",47.1366,103.5035,1401.2
"279",47.2016,101.1691,2188
"280",47.2016,98.8309,2509.5
"281",47.1366,96.4965,1922
"282",47.0071,94.1737,1342.3
"283",46.8138,91.8699,3198.6
"284",46.558,89.5923,941.9
"285",46.2411,87.3474,662
"286",45.8651,85.1414,764.6
"287",45.432,82.9795,2226
"288",44.9442,80.8664,2045.8
"289",44.4042,78.8059,2257.1
"290",43.8149,76.8014,738.6
"291",43.1789,74.8552,995.1
"292",41.0204,69.3814,405
"293",40.2271,67.6804,323
"294",39.4016,66.0409,414.5
"295",38.5467,64.4623,221.3
"296",36.7595,61.4831,242.2
"297",35.8323,60.0796,1406.1
"298",34.8858,58.7314,872.8
"299",33.9223,57.4366,860
"300",31.9528,55,1133
"301",30.9507,53.8542,1462.4
"302",29.9394,52.7543,1596.1
"303",43.1217,129.876,506.4
"304",43.8733,128.0092,609.4
"305",44.5832,126.0754,175.5
"306",45.2482,124.0755,131.4
"307",45.8651,122.0113,301.9
"308",46.4309,119.8852,1080
"309",46.9425,117.7004,717
"310",47.3973,115.4612,721.9
"311",47.7924,113.1726,1028.6
"312",48.1256,110.8403,1272.4
"313",48.3948,108.4711,1680.3
"314",48.5983,106.0725,1107.9
"315",48.7347,103.6522,1201.7
"316",48.8031,101.2189,1822
"317",48.8031,98.7811,2016.3
"318",48.7347,96.3478,2173.1
"319",48.5983,93.9275,1180.1
"320",48.1256,89.1597,2614.5
"321",47.3973,84.5388,1094.8
"322",46.9425,82.2996,769
"323",46.4309,80.1148,447.3
"324",45.8651,77.9887,385.6
"325",45.2482,75.9245,376.5
"326",44.5832,73.9246,502.5
"327",43.8733,71.9908,422.1
"328",43.1217,70.124,1099.9
"329",42.3316,68.3245,209
"330",41.5059,66.5922,254.1
"331",40.6478,64.9262,259.2
"332",39.7602,63.3257,179.7
"333",38.8459,61.789,160
"334",35.9697,57.5448,1489.3
"335",34.9748,56.2454,711.3
"336",33.9655,55,983
"337",32.944,53.8065,992.9
"338",30.8718,51.5664,3318.8
"339",43.6402,132.7995,735.7
"340",44.4638,130.9638,646.7
"341",45.2482,129.0546,902.9
"342",45.9899,127.0721,228
"343",46.6857,125.0169,145.7
"344",47.3319,122.8906,239.2
"345",47.9253,120.6955,1156.8
"346",48.4625,118.4349,695
"347",48.9404,116.1134,781.7
"348",49.3561,113.7363,847.9
"349",49.707,111.3099,1519.4
"350",49.9906,108.8418,1145.8
"351",50.2051,106.3402,638.9
"352",50.3489,103.8141,1063
"353",50.4211,101.273,1572.7
"354",50.4211,98.727,2260.2
"355",50.3489,96.1859,1900.2
"356",50.2051,93.6598,887.6
"357",49.707,88.6901,2214.5
"358",49.3561,86.2637,2088.8
"359",48.9404,83.8866,1206.6
"360",48.4625,81.5651,832.9
"361",47.9253,79.3045,661
"362",47.3319,77.1094,572.9
"363",46.6857,74.9831,339
"364",45.9899,72.9279,425.2
"365",45.2482,70.9454,320.2
"366",44.4638,69.0362,260.9
"367",43.6402,67.2005,169
"368",42.7807,65.4375,231.5
"369",41.8886,63.7462,123
"370",40.9669,62.125,148.8
"371",40.0187,60.5722,164.1
"372",39.0469,59.0856,97
"373",37.0429,56.302,1128.9
"374",34.9748,53.7546,974.9
"375",33.9223,52.5634,1410.9
"376",31.7904,50.3331,1550.4
"377",44.0493,135.789,0
"378",44.9442,133.9965,272.8
"379",45.8028,132.125,308.5
"380",46.6218,130.1735,317.9
"381",47.3973,128.1416,284
"382",48.1256,126.0296,274.7
"383",48.8031,123.8387,283.2
"384",49.426,121.5713,880.8
"385",49.9906,119.2307,546.4
"386",50.4935,116.8214,774
"387",50.9313,114.3493,868.1
"388",51.3012,111.8215,1070.7
"389",51.6005,109.2461,945.6
"390",51.8269,106.6325,994.3
"391",51.9789,103.9909,775.4
"392",52.0552,101.3322,2190.9
"393",52.0552,98.6678,2439.7
"394",51.9789,96.0091,1859.2
"395",51.8269,93.3675,1573.5
"396",51.6005,90.7539,1886.1
"397",51.3012,88.1785,1858.1
"398",50.9313,85.6507,1305
"399",50.4935,83.1786,760.3
"400",49.9906,80.7693,261.3
"401",49.426,78.4287,514
"402",48.8031,76.1613,906
"403",48.1256,73.9704,775.1
"404",47.3973,71.8584,652.5
"405",46.6218,69.8265,353.5
"406",45.8028,67.875,264.1
"407",44.9442,66.0035,128.1
"408",44.0493,64.211,109.9
"409",43.1217,62.4959,101.3
"410",42.1647,60.856,166
"411",41.1814,59.2892,98.4
"412",40.1749,57.7927,91.6
"413",39.1478,56.3639,54
"414",34.8858,51.2686,809.8
"415",32.6934,49.0531,1615.3
"416",42.3316,142.0643,0
"417",45.3093,137.0928,0
"418",46.2411,135.2724,503.6
"419",47.1366,133.3664,83
"420",47.9919,131.373,111.2
"421",48.8031,129.2914,305.4
"422",49.5661,127.1213,328.3
"423",50.2769,124.8637,371.7
"424",50.9313,122.5206,1007
"425",51.5254,120.0952,681.3
"426",52.0552,117.5924,765.1
"427",52.517,115.0184,862.8
"428",52.9076,112.3808,1018.2
"429",53.2238,109.6888,1032.7
"430",53.4633,106.953,1151.1
"431",53.6241,104.1849,683.1
"432",53.7049,101.3972,502.1
"433",53.7049,98.6028,1111.1
"434",53.4633,93.047,319
"435",53.2238,90.3112,483.7
"436",52.9076,87.6192,530.6
"437",52.517,84.9816,207.8
"438",52.0552,82.4076,206.1
"439",51.5254,79.9048,197.1
"440",50.9313,77.4794,164
"441",50.2769,75.1363,631.7
"442",49.5661,72.8787,537.4
"443",48.8031,70.7086,456.8
"444",47.9919,68.627,367
"445",47.1366,66.6336,358
"446",46.2411,64.7276,218
"447",45.3093,62.9072,87.1
"448",44.3448,61.1702,54.7
"449",43.3511,59.514,59
"450",42.3316,57.9357,63
"451",41.2892,56.4321,203.8
"452",40.2271,55,42.6
"453",34.7085,48.7966,2010.7
"454",33.5787,47.725,1834.4
"455",43.4664,143.4926,841.2
"456",47.5284,136.6341,488.8
"457",48.4625,134.6952,40
"458",49.3561,132.6609,644.8
"459",50.2051,130.5297,425.6
"460",51.0049,128.3008,163.7
"461",51.7513,125.9744,324.6
"462",52.4395,123.5523,800.1
"463",53.0653,121.0375,645.1
"464",53.6241,118.4349,662.8
"465",54.112,115.7512,1048.5
"466",54.525,112.9946,1277.6
"467",54.8599,110.1755,1939.2
"468",55.1136,107.3058,760.4
"469",55.2841,104.3987,679.6
"470",55.3697,101.4688,469.9
"471",55.3697,98.5312,532.1
"472",55.2841,95.6013,341.1
"473",55.1136,92.6942,534.8
"474",54.8599,89.8245,482.8
"475",54.525,87.0054,234
"476",54.112,84.2488,235.1
"477",53.6241,81.5651,118
"478",53.0653,78.9625,119
"479",52.4395,76.4477,116.8
"480",51.7513,74.0256,300.6
"481",51.0049,71.6992,361.1
"482",50.2051,69.4703,315.4
"483",49.3561,67.3391,621
"484",48.4625,65.3048,238
"485",47.5284,63.3659,79.2
"486",46.558,61.5198,52.5
"487",45.5551,59.7636,31
"488",44.5234,58.0941,208.9
"489",43.4664,56.5074,172
"490",42.3874,55,188.6
"491",35.6045,47.4054,1954
"492",34.4444,46.3475,1492.2
"493",49.7776,136.1193,21.7
"494",51.6005,131.866,917.5
"495",52.4395,129.5778,261.2
"496",53.2238,127.1811,199
"497",53.9484,124.6769,464.3
"498",54.6084,122.0679,712.7
"499",55.1987,119.359,733.2
"500",55.7149,116.5571,1332.2
"501",56.1525,113.6713,726.7
"502",56.5077,110.7131,1206.8
"503",56.7771,107.6961,522.4
"504",56.9582,104.6355,533
"505",57.0492,101.5482,294
"506",57.0492,98.4518,326.2
"507",56.9582,95.3645,263.4
"508",56.7771,92.3039,256
"509",56.5077,89.2869,193.7
"510",56.1525,86.3287,148.7
"511",55.7149,83.4429,104.8
"512",55.1987,80.641,153.6
"513",54.6084,77.9321,106.5
"514",53.9484,75.3231,117
"515",53.2238,72.8189,67.6
"516",52.4395,70.4222,420.2
"517",51.6005,68.134,266.9
"518",50.7116,65.9541,221
"519",49.7776,63.8807,99.2
"520",48.8031,61.9112,87.6
"521",47.7924,60.0425,219
"522",46.7497,58.2705,159.9
"523",45.6787,56.5911,45.7
"524",44.5832,55,99
"525",43.4664,53.4926,112.6
"526",37.6652,47.0565,1805.2
"527",36.4786,45.9605,1633.9
"528",35.2881,44.9194,527.5
"529",50.0619,139.6442,635.3
"530",51.0787,137.6476,215
"531",52.0552,135.5377,834.5
"532",53.867,130.9638,822.5
"533",54.6919,128.4956,394.7
"534",55.4556,125.9065,876.4
"535",56.1525,123.1986,734
"536",56.7771,120.3764,886
"537",57.3241,117.4472,1584
"538",57.7887,114.4208,987.1
"539",58.1662,111.3099,455.3
"540",58.453,108.1301,495
"541",58.6459,104.8991,517.8
"542",58.7429,101.6366,311.2
"543",58.7429,98.3634,212.6
"544",58.6459,95.1009,441.2
"545",58.453,91.8699,132
"546",58.1662,88.6901,153.8
"547",57.7887,85.5792,119.4
"548",57.3241,82.5528,115.8
"549",56.7771,79.6236,140
"550",56.1525,76.8014,118
"551",55.4556,74.0935,114.8
"552",54.6919,71.5044,119.8
"553",53.867,69.0362,164
"554",52.9863,66.6894,193
"555",52.0552,64.4623,116.3
"556",51.0787,62.3524,245
"557",50.0619,60.3558,262.1
"558",49.0093,58.4682,303.5
"559",47.9253,56.6847,139.1
"560",46.8138,55,36
"561",45.6787,53.4089,-25
"562",44.5234,51.9059,-25.5
"563",38.5467,45.5377,1125.8
"564",37.3286,44.4608,1819
"565",50.2051,143.2101,517.6
"566",51.3012,141.3086,0
"567",52.3622,139.2894,477.8
"568",53.3833,137.1467,98.2
"569",54.3591,134.8753,476.9
"570",56.1525,129.9315,1076.6
"571",56.9582,127.2553,1557.2
"572",57.6951,124.444,1240.8
"573",58.3571,121.5014,488.9
"574",59.4322,115.2551,1013.1
"575",59.8345,111.9761,343.8
"576",60.1404,108.6156,400.6
"577",60.3464,105.1944,384.9
"578",60.4501,101.7357,346
"579",60.4501,98.2643,396.2
"580",60.3464,94.8056,309.1
"581",60.1404,91.3844,512
"582",59.8345,88.0239,153.8
"583",59.4322,84.7449,143.9
"584",58.938,81.5651,54
"585",58.3571,78.4986,122
"586",57.6951,75.556,136.4
"587",56.9582,72.7447,95.5
"588",56.1525,70.0685,72
"589",55.2841,67.5288,138.1
"590",54.3591,65.1247,144.2
"591",53.3833,62.8533,199.2
"592",52.3622,60.7106,287.7
"593",51.3012,58.6914,197
"594",50.2051,56.7899,313.9
"595",49.0784,55,90
"596",47.9253,53.3153,-12.2
"597",43.1217,47.5041,-29
"598",41.8886,46.2538,806.9
"599",40.6478,45.0738,2066.1
"600",39.4016,43.9591,2402.8
"601",36.9009,41.9081,393.1
"602",52.517,143.0908,38.4
"603",55.7149,136.573,694.1
"604",56.687,134.1145,540.6
"605",57.6019,131.5043,1242.8
"606",58.453,128.7398,504.6
"607",59.2333,125.821,428.8
"608",59.936,122.751,583.2
"609",60.5542,119.5367,382.5
"610",61.0812,116.1892,414
"611",61.511,112.7244,301
"612",61.8384,109.1623,335.2
"613",62.0591,105.5275,324.8
"614",62.1703,101.8476,555.7
"615",62.1703,98.1524,428.5
"616",62.0591,94.4725,440.6
"617",61.8384,90.8377,238.4
"618",61.511,87.2756,170
"619",61.0812,83.8108,119
"620",60.5542,80.4633,79.3
"621",59.936,77.249,73.8
"622",59.2333,74.179,74.1
"623",58.453,71.2602,92
"624",57.6019,68.4957,61.1
"625",56.687,65.8855,84.8
"626",55.7149,63.427,144.5
"627",54.6919,61.1155,248.1
"628",53.6241,58.9452,439.5
"629",52.517,56.9092,411.4
"630",51.3757,55,223
"631",50.2051,53.2101,80.7
"632",49.0093,51.5318,0.5
"633",47.7924,49.9575,-11.6
"634",46.558,48.4802,-25.2
"635",45.3093,47.0928,-25
"636",44.0493,45.789,45.5
"637",42.7807,44.5625,3332.6
"638",41.5059,43.4078,1666.7
"639",40.2271,42.3196,2184
"640",38.9462,41.293,1658.2
"641",37.6652,40.3236,777.3
"642",57.0492,138.4181,164.6
"643",58.0713,135.9097,656.3
"644",59.0361,133.2317,636.1
"645",59.936,130.3791,300.6
"646",60.7636,127.3499,422.5
"647",61.511,124.1455,312.1
"648",62.1703,120.7723,270.3
"649",62.7337,117.2415,176.3
"650",63.1944,113.5704,256.9
"651",63.5459,109.7824,306.1
"652",63.7832,105.9061,250.5
"653",63.9027,101.9749,482.1
"654",63.9027,98.0251,254
"655",63.7832,94.0939,502.6
"656",63.5459,90.2176,275.8
"657",63.1944,86.4296,40.1
"658",62.7337,82.7585,187.1
"659",62.1703,79.2277,99
"660",61.511,75.8545,90.1
"661",60.7636,72.6501,40.5
"662",59.936,69.6209,39
"663",59.0361,66.7683,51
"664",58.0713,64.0903,97.3
"665",57.0492,61.5819,232
"666",55.9766,59.2364,303.7
"667",54.8599,57.0454,126.3
"668",53.7049,55,281
"669",52.517,53.0908,95.9
"670",51.3012,51.3086,39
"671",50.0619,49.6442,9.7
"672",48.8031,48.0888,1.9
"673",47.5284,46.6341,-1.8
"674",46.2411,45.2724,-10
"675",44.9442,43.9965,141
"676",43.6402,42.7995,2105.3
"677",39.7087,39.6237,1146.9
"678",38.3982,38.6861,686.4
"679",37.0903,37.8015,679.2
"680",58.3571,140.4261,405
"681",59.4322,137.875,983.3
"682",60.4501,135.1342,149.1
"683",61.4029,132.1957,338.9
"684",62.2819,129.0546,195.8
"685",63.0784,125.71,224.1
"686",63.7832,122.1663,109.7
"687",64.3874,118.4349,193.5
"688",64.8827,114.5345,292.6
"689",65.2615,110.4915,585.8
"690",65.5176,106.3402,441.9
"691",65.6469,102.1211,483.4
"692",65.6469,97.8789,778.3
"693",65.5176,93.6598,644.5
"694",65.2615,89.5085,508.2
"695",64.8827,85.4655,130
"696",64.3874,81.5651,21
"697",63.7832,77.8337,51
"698",63.0784,74.29,118.1
"699",62.2819,70.9454,80
"700",61.4029,67.8043,22
"701",60.4501,64.8658,55
"702",59.4322,62.125,66
"703",58.3571,59.5739,276.5
"704",57.2322,57.2026,246.6
"705",56.0644,55,155.2
"706",54.8599,52.9546,307.5
"707",53.6241,51.0548,229
"708",52.3622,49.2894,118.9
"709",51.0787,47.6476,81.3
"710",49.7776,46.1193,28.2
"711",48.4625,44.6952,12
"712",47.1366,43.3664,112.3
"713",45.8028,42.125,178.8
"714",44.4638,40.9638,533.7
"715",39.0973,36.9958,1725.8
"716",37.762,36.1468,1359.4
"717",59.6325,142.6141,85
"718",60.7636,140.0303,1658
"719",61.8384,137.2348,888
"720",62.8481,134.2157,100
"721",63.7832,130.9638,212.3
"722",64.6337,127.4744,682.2
"723",65.3892,123.7495,138.6
"724",66.0392,119.7989,193
"725",66.5738,115.6422,361.9
"726",66.9837,111.3099,447.9
"727",67.2616,106.8428,269.6
"728",67.4019,102.2906,268.1
"729",67.4019,97.7094,695.7
"730",67.2616,93.1572,883.2
"731",66.9837,88.6901,99.8
"732",65.3892,76.2505,62
"733",64.6337,72.5256,50
"734",63.7832,69.0362,78
"735",62.8481,65.7843,70.4
"736",61.8384,62.7652,184
"737",60.7636,59.9697,271.6
"738",59.6325,57.3859,188
"739",58.453,55,199.2
"740",57.2322,52.7974,258.5
"741",55.9766,50.7636,133.9
"742",54.6919,48.8845,49
"743",53.3833,47.1467,250.9
"744",52.0552,45.5377,250.3
"745",50.7116,44.0459,162.6
"746",49.3561,42.6609,154
"747",47.9919,41.373,140
"748",46.6218,40.1735,68.8
"749",45.2482,39.0546,28.7
"750",41.1277,36.1139,613.1
"751",39.7602,35.2532,1079
"752",38.3982,34.444,1257.2
"753",37.0429,33.6821,1817.7
"754",52.9863,156.6894,51
"755",59.6325,147.3859,38.8
"756",60.869,145,724.8
"757",62.0591,142.3974,1725.5
"758",63.1944,139.5597,1532.9
"759",64.2653,136.4692,1067.3
"760",65.2615,133.1113,1038.4
"761",66.1716,129.4759,1446.2
"762",66.9837,125.56,242
"763",67.6855,121.3706,185
"764",68.2649,116.9275,192.6
"765",68.7108,112.2648,263.4
"766",69.0139,107.4314,268.4
"767",69.1672,102.4896,308.3
"768",69.1672,97.5104,1247.7
"769",69.0139,92.5686,1104.3
"770",68.7108,87.7352,361.6
"771",68.2649,83.0725,43
"772",66.9837,74.44,58
"773",66.1716,70.5241,60
"774",65.2615,66.8887,22
"775",64.2653,63.5308,137.4
"776",63.1944,60.4403,124.7
"777",62.0591,57.6026,216.7
"778",60.869,55,140
"779",59.6325,52.6141,160.2
"780",58.3571,50.4261,176
"781",57.0492,48.4181,168.7
"782",55.7149,46.573,191.4
"783",54.3591,44.8753,192
"784",52.9863,43.3106,197.9
"785",51.6005,41.866,166
"786",50.2051,40.5297,85.4
"787",48.8031,39.2914,42.2
"788",47.3973,38.1416,88.6
"789",41.7788,34.2744,1207.7
"790",40.3842,33.459,1041.8
"791",38.9965,32.6938,1047.6
"792",37.6169,31.9745,1574.9
"793",53.867,159.0362,197.5
"794",55.2841,157.5288,503.1
"795",59.4322,152.125,426
"796",60.7636,149.9697,1070.7
"797",62.0591,147.6026,970.7
"798",63.3109,145,1640.5
"799",64.5102,142.1376,703.5
"800",65.6469,138.991,1177
"801",66.7095,135.5377,1079.5
"802",67.6855,131.7595,488
"803",68.5611,127.646,560.3
"804",69.3217,123.1986,42
"805",69.9528,118.4349,138.6
"806",70.4406,113.3925,29.3
"807",70.7731,108.1301,560.4
"808",70.9418,102.7263,256.6
"809",70.7731,91.8699,59.9
"810",70.4406,86.6075,58.6
"811",69.9528,81.5651,15
"812",69.3217,76.8014,10
"813",68.5611,72.354,39
"814",67.6855,68.2405,112.6
"815",66.7095,64.4623,1184.7
"816",65.6469,61.009,287.4
"817",64.5102,57.8624,82.4
"818",63.3109,55,118
"819",62.0591,52.3974,121
"820",60.7636,50.0303,168.2
"821",59.4322,47.875,156.9
"822",58.0713,45.9097,122
"823",56.687,44.1145,101
"824",55.2841,42.4712,138.6
"825",53.867,40.9638,145.8
"826",52.4395,39.5778,120.2
"827",51.0049,38.3008,154.4
"828",49.5661,37.1213,95.4
"829",48.1256,36.0296,73.6
"830",46.6857,35.0169,26
"831",45.2482,34.0755,94
"832",40.9669,31.6148,777.9
"833",39.5548,30.8978,919.1
"834",38.152,30.2249,1037
"835",36.7595,29.5923,1632.7
"836",56.1525,160.0685,149
"837",57.6019,158.4957,89.4
"838",60.4501,154.8658,292.4
"839",61.8384,152.7652,1071.9
"840",63.1944,150.4403,1011.3
"841",64.5102,147.8624,873.7
"842",65.7769,145,565.4
"843",66.9837,141.8202,235.4
"844",68.1185,138.2902,673.3
"845",69.1672,134.3803,68
"846",70.1139,130.0686,599
"847",70.9418,125.3462,181.5
"848",71.6329,120.2249,86.9
"849",72.17,114.7436,36.7
"850",72.5379,108.9726,19
"851",72.7249,103.0128,73
"852",72.7249,96.9872,118
"853",72.5379,91.0274,13
"854",70.9418,74.6538,19.8
"855",70.1139,69.9314,55.3
"856",68.1185,61.7098,157.6
"857",66.9837,58.1798,72
"858",65.7769,55,27.3
"859",64.5102,52.1376,204.5
"860",63.1944,49.5597,161.3
"861",61.8384,47.2348,161
"862",60.4501,45.1342,186.4
"863",59.0361,43.2317,154.1
"864",57.6019,41.5043,157.7
"865",56.1525,39.9315,161.6
"866",54.6919,38.4956,166.3
"867",53.2238,37.1811,244.6
"868",51.7513,35.9744,158.1
"869",50.2769,34.8637,107.3
"870",48.8031,33.8387,166.2
"871",47.3319,32.8906,20
"872",40.0707,29.0577,860.9
"873",38.6462,28.4349,630.6
"874",58.453,161.2602,725.6
"875",62.8481,155.7843,518.2
"876",64.2653,153.5308,181
"877",65.6469,151.009,40
"878",66.9837,148.1798,127.1
"879",68.2649,145,36.1
"880",69.4775,141.4237,319.2
"881",70.6061,137.4054,10
"882",72.5379,127.8973,1
"883",73.2994,122.3801,0
"884",74.5157,103.3665,162
"885",74.5157,96.6335,257.6
"886",74.3061,89.992,96.8
"887",68.2649,55,10
"888",66.9837,51.8202,8.3
"889",65.6469,48.991,151
"890",64.2653,46.4692,36.6
"891",62.8481,44.2157,194.2
"892",61.4029,42.1957,70.3
"893",59.936,40.3791,179.2
"894",58.453,38.7398,98
"895",56.9582,37.2553,129
"896",55.4556,35.9065,203.7
"897",53.9484,34.6769,227.9
"898",52.4395,33.5523,150.8
"899",50.9313,32.5206,138.7
"900",49.426,31.5713,82.8
"901",47.9253,30.6955,82.5
"902",46.4309,29.8852,136.7
"903",44.9442,29.1336,0
"904",40.5421,27.1759,0
"905",39.0973,26.607,0
"906",60.7636,162.6501,0
"907",62.2819,160.9454,61
"908",63.7832,159.0362,1180.7
"909",65.2615,156.8887,500.5
"910",66.7095,154.4623,292.4
"911",68.1185,151.7098,29.2
"912",69.4775,148.5763,311.6
"913",70.7731,145,13
"914",71.9891,140.9144,15.7
"915",76.0752,111.3099,198.7
"916",76.3131,103.8141,25.3
"917",65.2615,43.1113,138.4
"918",63.7832,40.9638,54.6
"919",62.2819,39.0546,144.2
"920",60.7636,37.3499,196.8
"921",59.2333,35.821,137.6
"922",57.6951,34.444,162.6
"923",56.1525,33.1986,245
"924",54.6084,32.0679,197
"925",53.0653,31.0375,141
"926",51.5254,30.0952,108
"927",49.9906,29.2307,220.2
"928",48.4625,28.4349,237.7
"929",46.9425,27.7004,300.2
"930",45.432,27.0205,236.8
"931",43.9319,26.3895,56.3
"932",42.4433,25.8025,156
"933",61.511,165.8545,154.2
"934",63.0784,164.29,289.5
"935",64.6337,162.5256,1077.3
"936",66.1716,160.5241,629.1
"937",69.1672,155.6197,31
"938",70.6061,152.5946,1
"939",71.9891,149.0856,1
"940",66.1716,39.4759,0
"941",64.6337,37.4744,119
"942",63.0784,35.71,128
"943",61.511,34.1455,180.6
"944",59.936,32.751,45.4
"945",58.3571,31.5014,15
"946",56.7771,30.3764,108.6
"947",55.1987,29.359,143.9
"948",53.6241,28.4349,172.4
"949",52.0552,27.5924,124.6
"950",50.4935,26.8214,247.4
"951",48.9404,26.1134,285.3
"952",47.3973,25.4612,1077.3
"953",45.8651,24.8586,438.2
"954",44.3448,24.3003,112.7
"955",42.8373,23.7816,494
"956",41.3433,23.2986,632.7
"957",39.8634,22.8477,0
"958",60.5542,170.4633,416.8
"959",62.1703,169.2277,1036.2
"960",63.7832,167.8337,88
"961",65.3892,166.2505,643
"962",66.9837,164.44,176
"963",70.1139,159.9314,1
"964",68.5611,37.646,180.4
"965",66.9837,35.56,90.6
"966",63.7832,32.1663,180.8
"967",62.1703,30.7723,123.2
"968",60.5542,29.5367,39.9
"969",58.938,28.4349,93.1
"970",57.3241,27.4472,132
"971",55.7149,26.5571,148
"972",54.112,25.7512,151.2
"973",52.517,25.0184,144.8
"974",50.9313,24.3493,199.7
"975",49.3561,23.7363,307.3
"976",47.7924,23.1726,137
"977",46.2411,22.6526,291.7
"978",44.7031,22.1715,561.1
"979",43.1789,21.7251,226.3
"980",41.6694,21.3099,640.3
"981",62.7337,172.7585,384.4
"982",64.3874,171.5651,126
"983",66.0392,170.2011,453.3
"984",67.6855,168.6294,1143.2
"985",69.3217,166.8014,69.7
"986",69.3217,33.1986,0
"987",67.6855,31.3706,130
"988",66.0392,29.7989,267.4
"989",64.3874,28.4349,175.8
"990",62.7337,27.2415,123.7
"991",61.0812,26.1892,86.8
"992",59.4322,25.2551,36.1
"993",57.7887,24.4208,15
"994",56.1525,23.6713,64
"995",54.525,22.9946,91
"996",52.9076,22.3808,147
"997",51.3012,21.8215,144
"998",49.707,21.3099,340.2
"999",48.1256,20.8403,110.9
"1000",46.558,20.4077,75.8
"1001",45.0047,20.008,100
"1002",43.4664,19.6375,661
"1003",68.2649,173.0725,360
"1004",69.9528,28.4349,283.3
"1005",68.2649,26.9275,303
"1006",66.5738,25.6422,78
"1007",63.1944,23.5704,70
"1008",61.511,22.7244,65
"1009",54.8599,20.1755,55
"1010",53.2238,19.6888,88.1
"1011",51.6005,19.2461,180
"1012",49.9906,18.8418,255.6
"1013",48.3948,18.4711,589.3
"1014",46.8138,18.1301,140.7
"1015",45.2482,17.8153,160.7
"1016",68.7108,177.7352,519.1
"1017",68.7108,22.2648,432.6
"1018",66.9837,21.3099,253.2
"1019",65.2615,20.4915,323
"1020",63.5459,19.7824,4.9
"1021",53.4633,16.953,120.1
"1022",51.8269,16.6325,99
"1023",50.2051,16.3402,460.2
"1024",48.5983,16.0725,249.1
"1025",47.0071,15.8263,320.8
"1026",45.432,15.5993,120.3
"1027",43.8733,15.3893,0
"1028",67.2616,16.8428,1113.2
"1029",63.7832,15.9061,271
"1030",62.0591,15.5275,385
"1031",60.3464,15.1944,313.4
"1032",58.6459,14.8991,89
"1033",56.9582,14.6355,155.3
"1034",53.6241,14.1849,10
"1035",51.9789,13.9909,57.2
"1036",50.3489,13.8141,242
"1037",48.7347,13.6522,630.9
"1038",47.1366,13.5035,1691
"1039",62.1703,11.8476,663
"1040",60.4501,11.7357,428.4
"1041",58.7429,11.6366,152.4
"1042",55.3697,11.4688,48.7
"1043",53.7049,11.3972,57.6
"1044",52.0552,11.3322,100.2
"1045",50.4211,11.273,591.2
"1046",48.8031,11.2189,411.2
"1047",47.2016,11.1691,1230.8
"1048",45.6169,11.1233,1047.8
"1049",44.0493,11.0809,754.5
"1050",42.4993,11.0416,0
"1051",62.1703,8.1524,1449.8
"1052",60.4501,8.2643,993.5
"1053",55.3697,8.5312,0
"1054",53.7049,8.6028,1
"1055",52.0552,8.6678,114
"1056",50.4211,8.727,157.8
"1057",48.8031,8.7811,485.7
"1058",44.0493,8.9191,0
"1059",60.3464,-164.8056,2.8
"1060",62.0591,-164.4725,11.1
"1061",65.5176,-163.6598,234.6
"1062",67.2616,-163.1572,178
"1063",69.0139,-162.5686,309.1
"1064",60.3464,4.8056,0
"1065",51.9789,6.0091,9.2
"1066",50.3489,6.1859,458.6
"1067",48.7347,6.3478,242.8
"1068",47.1366,6.4965,817.7
"1069",45.5551,6.6335,742.8
"1070",60.1404,-161.3844,30.9
"1071",65.2615,-159.5085,293.8
"1072",68.7108,-157.7352,458.5
"1073",70.4406,-156.6075,25.7
"1074",50.2051,3.6598,137.2
"1075",48.5983,3.9275,87
"1076",47.0071,4.1737,401.7
"1077",45.432,4.4007,614.4
"1078",43.8733,4.6107,15.8
"1079",63.1944,-156.4296,278.4
"1080",64.8827,-155.4655,285.7
"1081",66.5738,-154.3578,370.7
"1082",68.2649,-153.0725,718.3
"1083",69.9528,-151.5651,10.5
"1084",53.2238,0.3112,2
"1085",51.6005,0.7539,13
"1086",49.9906,1.1582,0
"1087",48.3948,1.5289,144.3
"1088",46.8138,1.8699,157
"1089",45.2482,2.1847,553.6
"1090",43.6983,2.4762,630.8
"1091",57.7887,-155.5792,0
"1092",59.4322,-154.7449,87.9
"1093",61.0812,-153.8108,459
"1094",66.0392,-150.2011,209.6
"1095",67.6855,-148.6294,1797.6
"1096",69.3217,-146.8014,551.5
"1097",57.7887,-4.4208,271.8
"1098",56.1525,-3.6713,57.3
"1099",54.525,-2.9946,560
"1100",52.9076,-2.3808,202.4
"1101",51.3012,-1.8215,100
"1102",48.1256,-0.8403,127.2
"1103",46.558,-0.4077,191.3
"1104",45.0047,-0.008,33
"1105",60.5542,-150.4633,95.9
"1106",62.1703,-149.2277,1464.3
"1107",63.7832,-147.8337,1774
"1108",65.3892,-146.2505,765.5
"1109",66.9837,-144.44,174.1
"1110",68.5611,-142.354,902
"1111",77.0539,-119.2894,31
"1112",79.5992,-95.2551,0
"1113",54.112,-5.7512,0
"1114",47.7924,-3.1726,52.8
"1115",43.1789,-1.7251,426.5
"1116",61.511,-145.8545,1359.2
"1117",64.6337,-142.5256,779.2
"1118",66.1716,-140.5241,882.8
"1119",67.6855,-138.2405,399
"1120",69.1672,-135.6197,4
"1121",73.2994,-125,0
"1122",75.6116,-114.6952,596.9
"1123",77.8414,-92.9946,0
"1124",78.1159,-84.3987,802.5
"1125",64.6337,-17.4744,1936
"1126",53.6241,-8.4349,110.2
"1127",52.0552,-7.5924,0
"1128",42.8373,-3.7816,812.9
"1129",41.3433,-3.2986,1092.8
"1130",65.2615,-136.8887,997.6
"1131",66.7095,-134.4623,91.9
"1132",68.1185,-131.7098,260
"1133",69.4775,-128.5763,56
"1134",71.9891,-120.9144,278.4
"1135",73.1056,-116.2538,9.3
"1136",76.0752,-91.3099,239.3
"1137",76.3131,-83.8141,0
"1138",63.7832,-20.9638,0
"1139",42.4433,-5.8025,830
"1140",62.8481,-135.7843,851.2
"1141",64.2653,-133.5308,1304.3
"1142",65.6469,-131.009,634
"1143",66.9837,-128.1798,190.8
"1144",68.2649,-125,240.5
"1145",69.4775,-121.4237,457
"1146",70.6061,-117.4054,35.1
"1147",71.6329,-112.9052,411.1
"1148",72.5379,-107.8973,0
"1149",74.3061,-90.008,0
"1150",59.0361,-136.7683,489.1
"1151",60.4501,-134.8658,760
"1152",61.8384,-132.7652,1707.9
"1153",63.1944,-130.4403,1221.4
"1154",64.5102,-127.8624,1024.6
"1155",65.7769,-125,365.9
"1156",66.9837,-121.8202,253
"1157",68.1185,-118.2902,162
"1158",69.1672,-114.3803,0
"1159",70.1139,-110.0686,94
"1160",70.9418,-105.3462,92
"1161",58.0713,-134.0903,0
"1162",60.7636,-129.9697,900.9
"1163",62.0591,-127.6026,2013.6
"1164",63.3109,-125,644.8
"1165",64.5102,-122.1376,219
"1166",65.6469,-118.991,301.9
"1167",66.7095,-115.5377,521
"1168",67.6855,-111.7595,162.5
"1169",68.5611,-107.646,81
"1170",69.3217,-103.1986,6
"1171",70.4406,-93.3925,444.6
"1172",70.7731,-88.1301,139
"1173",55.7149,-133.427,0
"1174",57.0492,-131.5819,807.1
"1175",58.3571,-129.5739,1616.5
"1176",60.869,-125,1338.4
"1177",62.0591,-122.3974,271.8
"1178",63.1944,-119.5597,269
"1179",64.2653,-116.4692,299.4
"1180",65.2615,-113.1113,375
"1181",66.1716,-109.4759,469.2
"1182",66.9837,-105.56,220
"1183",67.6855,-101.3706,9.7
"1184",68.2649,-96.9275,0
"1185",68.7108,-92.2648,168.4
"1186",69.1672,-82.4896,68.4
"1187",55.9766,-129.2364,438.4
"1188",57.2322,-127.2026,1285.5
"1189",58.453,-125,1888.5
"1190",59.6325,-122.6141,595.3
"1191",60.7636,-120.0303,397
"1192",61.8384,-117.2348,194
"1193",62.8481,-114.2157,250
"1194",63.7832,-110.9638,434
"1195",64.6337,-107.4744,419.9
"1196",65.3892,-103.7495,192.4
"1197",66.0392,-99.7989,185.2
"1198",66.5738,-95.6422,126.2
"1199",66.9837,-91.3099,410.7
"1200",67.2616,-86.8428,35.1
"1201",67.4019,-82.2906,240.3
"1202",67.2616,-73.1572,0
"1203",53.6241,-128.9452,748.2
"1204",57.2322,-122.7974,915
"1205",58.3571,-120.4261,436
"1206",59.4322,-117.875,376
"1207",60.4501,-115.1342,270.4
"1208",61.4029,-112.1957,211.2
"1209",62.2819,-109.0546,379.2
"1210",63.0784,-105.71,327
"1211",63.7832,-102.1663,211.9
"1212",64.3874,-98.4349,90.6
"1213",64.8827,-94.5345,135.1
"1214",65.2615,-90.4915,224.2
"1215",65.5176,-86.3402,0
"1216",65.5176,-73.6598,0
"1217",64.8827,-65.4655,0
"1218",52.517,-126.9092,1597.1
"1219",55.9766,-120.7636,827.4
"1220",57.0492,-118.4181,728.2
"1221",58.0713,-115.9097,308
"1222",59.0361,-113.2317,241.3
"1223",59.936,-110.3791,336
"1224",60.7636,-107.3499,471.3
"1225",61.511,-104.1455,380
"1226",62.1703,-100.7723,271.4
"1227",62.7337,-97.2415,162
"1228",63.1944,-93.5704,96.3
"1229",63.5459,-70.2176,465.5
"1230",63.1944,-66.4296,459
"1231",50.2051,-126.7899,682.1
"1232",51.3757,-125,1597.2
"1233",52.517,-123.0908,1332.4
"1234",53.6241,-121.0548,1272.4
"1235",54.6919,-118.8845,904.5
"1236",55.7149,-116.573,637
"1237",56.687,-114.1145,751.1
"1238",57.6019,-111.5043,223.1
"1239",58.453,-108.7398,430
"1240",59.2333,-105.821,254.9
"1241",59.936,-102.751,406.8
"1242",60.5542,-99.5367,277
"1243",61.0812,-96.1892,152
"1244",62.0591,-74.4725,261.2
"1245",49.0784,-125,684.9
"1246",50.2051,-123.2101,1545.7
"1247",51.3012,-121.3086,1085
"1248",52.3622,-119.2894,2008.4
"1249",53.3833,-117.1467,1139.6
"1250",54.3591,-114.8753,647.9
"1251",55.2841,-112.4712,575.5
"1252",56.1525,-109.9315,487
"1253",56.9582,-107.2553,462
"1254",57.6951,-104.444,476.3
"1255",58.3571,-101.5014,378.1
"1256",58.938,-98.4349,267
"1257",59.4322,-95.2551,59.9
"1258",60.3464,-74.8056,210
"1259",60.1404,-71.3844,133.4
"1260",59.4322,-64.7449,764.5
"1261",47.9253,-123.3153,1270.5
"1262",49.0093,-121.5318,995.8
"1263",50.0619,-119.6442,1511
"1264",51.0787,-117.6476,2683.6
"1265",52.0552,-115.5377,1502.8
"1266",52.9863,-113.3106,753.5
"1267",53.867,-110.9638,597
"1268",54.6919,-108.4956,613.3
"1269",55.4556,-105.9065,406.2
"1270",56.1525,-103.1986,336
"1271",56.7771,-100.3764,291.5
"1272",57.3241,-97.4472,242.9
"1273",57.7887,-94.4208,90
"1274",58.6459,-75.1009,180
"1275",58.453,-71.8699,173.7
"1276",58.1662,-68.6901,88.3
"1277",57.7887,-65.5792,345.5
"1278",57.3241,-62.5528,128.4
"1279",45.6787,-123.4089,768.2
"1280",46.7497,-121.7295,1444.4
"1281",47.7924,-119.9575,551.2
"1282",48.8031,-118.0888,822.5
"1283",50.7116,-114.0459,1107.2
"1284",51.6005,-111.866,809
"1285",52.4395,-109.5778,691.5
"1286",53.2238,-107.1811,594.9
"1287",53.9484,-104.6769,518.9
"1288",54.6084,-102.0679,320
"1289",55.1987,-99.359,273.4
"1290",55.7149,-96.5571,207.6
"1291",56.1525,-93.6713,103
"1292",56.5077,-90.7131,83
"1293",56.9582,-75.3645,239.6
"1294",56.7771,-72.3039,326
"1295",56.5077,-69.2869,280.3
"1296",56.1525,-66.3287,396
"1297",55.7149,-63.4429,570.4
"1298",55.1987,-60.641,248
"1299",54.6084,-57.9321,274.8
"1300",43.4664,-123.4926,224.4
"1301",44.5234,-121.9059,1656.2
"1302",45.5551,-120.2364,306
"1303",46.558,-118.4802,402.4
"1304",47.5284,-116.6341,950
"1305",48.4625,-114.6952,1607.9
"1306",49.3561,-112.6609,1065.5
"1307",50.2051,-110.5297,760.3
"1308",51.0049,-108.3008,598.1
"1309",51.7513,-105.9744,560.3
"1310",52.4395,-103.5523,589
"1311",53.0653,-101.0375,253
"1312",54.112,-95.7512,227.6
"1313",54.525,-92.9946,201.2
"1314",54.8599,-90.1755,120
"1315",55.1136,-87.3058,121.3
"1316",55.2841,-84.3987,0
"1317",55.3697,-78.5312,0
"1318",55.2841,-75.6013,299.4
"1319",55.1136,-72.6942,389
"1320",54.8599,-69.8245,506.8
"1321",54.525,-67.0054,641.8
"1322",54.112,-64.2488,473
"1323",53.6241,-61.5651,441
"1324",53.0653,-58.9625,375
"1325",52.4395,-56.4477,257.7
"1326",43.3511,-120.486,1314.3
"1327",44.3448,-118.8298,1689.2
"1328",45.3093,-117.0928,1386.1
"1329",46.2411,-115.2724,1425.5
"1330",47.1366,-113.3664,1816.8
"1331",47.9919,-111.373,1028.9
"1332",48.8031,-109.2914,800.1
"1333",49.5661,-107.1213,761.4
"1334",50.2769,-104.8637,600
"1335",50.9313,-102.5206,526
"1336",51.5254,-100.0952,274
"1337",52.0552,-97.5924,229
"1338",52.517,-95.0184,330.7
"1339",52.9076,-92.3808,308.1
"1340",53.2238,-89.6888,260
"1341",53.4633,-86.953,157.2
"1342",53.6241,-84.1849,86.9
"1343",53.7049,-78.6028,58
"1344",53.6241,-75.8151,256
"1345",53.4633,-73.047,446.8
"1346",53.2238,-70.3112,653.2
"1347",52.9076,-67.6192,602.1
"1348",52.517,-64.9816,543.1
"1349",52.0552,-62.4076,501.9
"1350",51.5254,-59.9048,382.3
"1351",50.9313,-57.4794,0
"1352",40.1749,-122.2073,82
"1353",41.1814,-120.7108,1832.7
"1354",42.1647,-119.144,1643.5
"1355",43.1217,-117.5041,1346.3
"1356",44.9442,-113.9965,1688.5
"1357",45.8028,-112.125,1335.5
"1358",46.6218,-110.1735,1769.9
"1359",47.3973,-108.1416,848.2
"1360",48.1256,-106.0296,664.6
"1361",48.8031,-103.8387,655.2
"1362",49.426,-101.5713,544.4
"1363",49.9906,-99.2307,368.5
"1364",50.4935,-96.8214,218
"1365",50.9313,-94.3493,376.4
"1366",51.3012,-91.8215,397.9
"1367",51.6005,-89.2461,348
"1368",51.8269,-86.6325,208.4
"1369",51.9789,-83.9909,89.6
"1370",52.0552,-81.3322,4.8
"1371",52.0552,-78.6678,0
"1372",51.9789,-76.0091,274.1
"1373",51.8269,-73.3675,383.3
"1374",51.6005,-70.7539,579.5
"1375",51.3012,-68.1785,365
"1376",50.9313,-65.6507,821.2
"1377",50.4935,-63.1786,116.2
"1378",48.8031,-56.1613,228.4
"1379",48.1256,-53.9704,129.9
"1380",39.0469,-120.9144,731.4
"1381",40.0187,-119.4278,1601.1
"1382",40.9669,-117.875,1321.6
"1383",41.8886,-116.2538,1626.1
"1384",42.7807,-114.5625,1119.1
"1385",43.6402,-112.7995,1498.1
"1386",44.4638,-110.9638,2515.4
"1387",45.2482,-109.0546,1273.1
"1388",45.9899,-107.0721,965.3
"1389",46.6857,-105.0169,784.1
"1390",47.3319,-102.8906,757.9
"1391",47.9253,-100.6955,487.8
"1392",48.4625,-98.4349,467.8
"1393",48.9404,-96.1134,312.9
"1394",49.3561,-93.7363,360.5
"1395",49.707,-91.3099,409.3
"1396",49.9906,-88.8418,259.2
"1397",50.2051,-86.3402,305.6
"1398",50.3489,-83.8141,149.8
"1399",50.4211,-81.273,109.6
"1400",50.4211,-78.727,244
"1401",50.3489,-76.1859,330.9
"1402",50.2051,-73.6598,522.1
"1403",49.9906,-71.1582,494.1
"1404",49.707,-68.6901,303.4
"1405",37.9077,-119.6855,2212.2
"1406",38.8459,-118.211,1296.2
"1407",39.7602,-116.6743,1735.3
"1408",40.6478,-115.0738,1872.2
"1409",41.5059,-113.4078,1311.5
"1410",42.3316,-111.6755,2002.1
"1411",43.1217,-109.876,3004.4
"1412",43.8733,-108.0092,1356.4
"1413",44.5832,-106.0754,1125
"1414",45.2482,-104.0755,1004.1
"1415",45.8651,-102.0113,733.3
"1416",46.4309,-99.8852,628.3
"1417",46.9425,-97.7004,359.4
"1418",47.3973,-95.4612,444.4
"1419",47.7924,-93.1726,403.7
"1420",48.1256,-90.8403,462.5
"1421",48.3948,-88.4711,184.1
"1422",48.5983,-86.0725,289.7
"1423",48.7347,-83.6522,306.9
"1424",48.8031,-81.2189,274.4
"1425",48.8031,-78.7811,289
"1426",48.7347,-76.3478,423.8
"1427",48.5983,-73.9275,410.4
"1428",48.3948,-71.5289,164
"1429",48.1256,-69.1597,47.9
"1430",47.7924,-66.8274,283.5
"1431",37.6652,-117.0565,1522.9
"1432",38.5467,-115.5377,1446.3
"1433",39.4016,-113.9591,1469.8
"1434",40.2271,-112.3196,1546.3
"1435",41.0204,-110.6186,2726.3
"1436",41.7788,-108.8557,2124.4
"1437",42.4993,-107.0309,1804
"1438",43.1789,-105.1448,1455
"1439",43.8149,-103.1986,1026.3
"1440",44.4042,-101.1941,670.8
"1441",44.9442,-99.1336,520.8
"1442",45.432,-97.0205,518.8
"1443",45.8651,-94.8586,396.3
"1444",46.2411,-92.6526,359.3
"1445",46.558,-90.4077,242.4
"1446",46.8138,-88.1301,325.8
"1447",47.1366,-83.5035,436.8
"1448",47.2016,-81.1691,417.2
"1449",47.2016,-78.8309,284.7
"1450",47.1366,-76.4965,392.5
"1451",47.0071,-74.1737,560
"1452",46.8138,-71.8699,180
"1453",46.558,-69.5923,369.3
"1454",46.2411,-67.3474,198.8
"1455",45.8651,-65.1414,168.6
"1456",45.432,-62.9795,214.6
"1457",36.4786,-115.9605,1826.6
"1458",37.3286,-114.4608,1412.8
"1459",38.152,-112.9052,1875.2
"1460",38.9462,-111.293,2160.6
"1461",39.7087,-109.6237,1795.9
"1462",40.4368,-107.8973,1846.5
"1463",41.1277,-106.1139,2722.5
"1464",41.7788,-104.2744,1344.1
"1465",42.3874,-102.3801,1213.8
"1466",42.9508,-100.4328,807.7
"1467",43.4664,-98.4349,476.8
"1468",43.9319,-96.3895,521
"1469",44.3448,-94.3003,299.9
"1470",44.7031,-92.1715,344
"1471",45.0047,-90.008,422.4
"1472",45.2482,-87.8153,210.6
"1473",45.6169,-81.1233,176
"1474",45.6169,-78.8767,488
"1475",45.5551,-76.6335,86.5
"1476",45.432,-74.4007,63.9
"1477",45.2482,-72.1847,207.9
"1478",45.0047,-69.992,505.3
"1479",44.7031,-67.8285,48.9
"1480",44.3448,-65.6997,149.7
"1481",36.1078,-113.4399,1909.3
"1482",36.9009,-111.9081,1855
"1483",37.6652,-110.3236,1452.4
"1484",38.3982,-108.6861,1778.1
"1485",39.0973,-106.9958,3917.3
"1486",39.7602,-105.2532,2017.8
"1487",40.3842,-103.459,1255.8
"1488",40.9669,-101.6148,1021.7
"1489",41.5059,-99.7223,857.1
"1490",41.9988,-97.7839,539.2
"1491",42.4433,-95.8025,340.4
"1492",42.8373,-93.7816,359.6
"1493",43.1789,-91.7251,373.4
"1494",43.4664,-89.6375,277.6
"1495",43.8733,-85.3893,311.3
"1496",43.9906,-83.2397,176.6
"1497",44.0493,-81.0809,333.6
"1498",44.0493,-78.9191,281.8
"1499",43.9906,-76.7603,74.8
"1500",43.8733,-74.6107,537.3
"1501",43.6983,-72.4762,503.9
"1502",43.4664,-70.3625,-1.6
"1503",34.8858,-112.4712,1336.9
"1504",35.6499,-110.9638,1531.1
"1505",36.3855,-109.4072,1879.9
"1506",37.0903,-107.8015,2020.3
"1507",37.762,-106.1468,2335.6
"1508",38.3982,-104.444,1505.3
"1509",38.9965,-102.6938,1412
"1510",39.5548,-100.8978,896.7
"1511",40.0707,-99.0577,561.1
"1512",40.5421,-97.1759,472.9
"1513",40.9669,-95.2551,310.8
"1514",41.3433,-93.2986,253.2
"1515",41.6694,-91.3099,238
"1516",41.9436,-89.2933,235.3
"1517",42.3316,-85.1944,268.7
"1518",42.4433,-83.1221,194.8
"1519",42.4993,-81.0416,173.8
"1520",42.4993,-78.9584,253.2
"1521",42.4433,-76.8779,135.1
"1522",42.3316,-74.8056,437.4
"1523",42.1647,-72.7468,71.7
"1524",34.4006,-110.0686,1733.8
"1525",35.1087,-108.54,2087.5
"1526",35.7866,-106.9657,2006.1
"1527",36.432,-105.3462,2850.2
"1528",37.0429,-103.6821,1775
"1529",37.6169,-101.9745,1094.4
"1530",38.152,-100.2249,742.9
"1531",38.6462,-98.4349,569.3
"1532",39.0973,-96.607,342.3
"1533",39.5036,-94.7436,311.5
"1534",39.8634,-92.8477,262.1
"1535",40.1749,-90.9228,191.6
"1536",40.4368,-88.9726,250.9
"1537",40.6478,-87.0013,230.5
"1538",40.807,-85.0131,250.2
"1539",40.9135,-83.0128,300.8
"1540",40.9669,-81.0051,331.4
"1541",40.9669,-78.9949,419
"1542",40.9135,-76.9872,187.7
"1543",40.807,-74.9869,146.8
"1544",40.6478,-72.9987,0
"1545",33.1542,-109.2192,1895.4
"1546",33.8361,-107.7185,2209.1
"1547",34.4883,-106.1753,1991.3
"1548",35.1087,-104.5901,1507.8
"1549",35.6954,-102.9638,1262.8
"1550",36.2463,-101.2974,937.8
"1551",36.7595,-99.5923,570.7
"1552",37.2331,-97.8503,395.7
"1553",37.6652,-96.0736,296.1
"1554",38.0541,-94.2645,223.4
"1555",38.3982,-92.4259,265.4
"1556",38.696,-90.561,136.1
"1557",38.9462,-88.6732,174
"1558",39.1478,-86.7662,221.2
"1559",39.2999,-84.844,184.7
"1560",39.4016,-82.9108,264.2
"1561",39.4526,-80.971,253.1
"1562",39.4526,-79.029,639.8
"1563",39.4016,-77.0892,205.6
"1564",39.2999,-75.156,2.4
"1565",31.9121,-108.4127,1431.4
"1566",32.5688,-106.9395,1334.9
"1567",33.1964,-105.4269,2020.2
"1568",33.7931,-103.8753,1297.2
"1569",34.3568,-102.2856,1135.9
"1570",34.8858,-100.6589,786.4
"1571",35.3782,-98.9967,458.7
"1572",35.8323,-97.3005,334.9
"1573",36.2463,-95.5725,181.6
"1574",36.6188,-93.815,414.3
"1575",36.9482,-92.0306,352.6
"1576",37.2331,-90.2222,172.3
"1577",37.4725,-88.3929,143
"1578",37.6652,-86.5463,161.2
"1579",37.8105,-84.6859,279.8
"1580",37.9077,-82.8156,297.5
"1581",37.9564,-80.9392,725.7
"1582",37.9564,-79.0608,959.3
"1583",37.9077,-77.1844,16.7
"1584",31.9121,-104.7174,1411.2
"1585",32.486,-103.1986,1062.2
"1586",33.0279,-101.6444,898.6
"1587",33.536,-100.0561,502.7
"1588",34.4444,-96.7826,328.9
"1589",34.8414,-95.1011,215.9
"1590",35.1983,-93.3925,190.2
"1591",35.5138,-91.6593,184.9
"1592",35.7866,-89.9042,73.4
"1593",36.0157,-88.1301,142.5
"1594",36.2001,-86.3402,173.6
"1595",36.3391,-84.5378,351.7
"1596",36.432,-82.7263,422.6
"1597",36.4786,-80.9094,602.7
"1598",36.4786,-79.0906,124.4
"1599",36.432,-77.2737,35.9
"1600",34.5762,-87.8831,220.1
"1601",34.9748,-82.6425,381.8
